road,segmentNo,width,nrLanes,Km
N1,1,23.82433090024331,6.686131386861314,0.8220000000000001
N1,2,17.302385923053983,5.203996421115419,3.3529999999999998
N1,3,17.19510978043912,5.290419161676647,3.0060000000000002
N1,4,20.665423514538563,5.817951959544881,1.5819999999999999
N1,5,16.17154112826978,4.398361172392059,3.173
N1,6,14.826956739184796,4.089022255563891,3.9990000000000006
N1,7,14.6,4.0,4.109
N1,8,18.990397727272754,4.267045454545456,3.5199999999999996
N1,9,14.791969614758546,4.0,7.372
N1,10,14.539737582005621,4.0,5.335000000000001
N1,11,14.986924829157175,4.608656036446469,2.1950000000000003
N1,12,16.8055186362323,5.047963016469229,6.922000000000004
N1,13,18.899999999999995,6.0,1.8359999999999914
N1,14,18.882454864897614,6.0,8.253
N1,15,18.8,6.0,6.801000000000002
N1,16,18.8,6.0,7.3600000000000065
N1,17,18.8,6.0,5.950999999999993
N1,18,18.8,6.0,6.257000000000005
N1,19,18.8,6.0,4.051000000000002
N1,20,18.8,6.0,1.468999999999994
N1,21,18.8,6.0,2.043999999999997
N1,22,18.8,6.0,2.173000000000002
N1,23,18.8,6.0,14.295999999999992
N1,24,18.799999999999997,6.0,13.819000000000003
N1,25,18.8,6.0,19.171000000000006
N1,26,18.8,6.0,1.382000000000005
N1,27,18.8,6.0,2.782999999999987
N1,28,18.8,6.0,2.375
N1,29,18.8,6.0,3.8799999999999955
N1,30,18.8,6.0,8.396000000000015
N1,31,18.8,6.0,3.8969999999999914
N1,32,18.8,6.0,6.100999999999999
N1,33,18.8,6.0,13.781000000000034
N1,34,18.8,6.0,13.138999999999953
N1,35,18.8,6.0,11.799000000000035
N1,36,18.8,6.0,22.003999999999962
N1,37,21.176816927322886,6.717571297148108,4.348000000000042
N1,38,14.83946760023778,4.5388731091881835,15.138999999999982
N1,39,7.0,2.0,2.5519999999999925
N1,40,7.0,2.0,2.5109999999999957
N1,41,7.0,2.0,2.7690000000000055
N1,42,7.0,2.0,1.0840000000000316
N1,43,7.323489545782265,2.0,6.935000000000002
N1,44,7.299999999999999,2.0,0.325999999999965
N1,45,8.173134328358195,2.0,1.3400000000000318
N1,46,7.622064354366899,2.0,9.572000000000003
N1,47,7.2,2.0,3.030999999999949
N1,48,7.554082248469696,2.0,11.599000000000046
N1,49,7.2,2.0,0.36199999999996635
N1,50,7.197160841033884,2.0,7.4669999999999845
N1,51,7.1,2.0,10.14100000000002
N1,52,7.1,2.0,8.146000000000015
N1,53,7.1,2.0,0.6279999999999859
N1,54,7.1,2.0,7.48599999999999
N1,55,7.1,2.0,3.3460000000000036
N1,56,7.015192620727072,2.0,3.6860000000000355
N1,57,6.800000000000001,2.0,1.1919999999999504
N1,58,6.8,2.0,0.8109999999999786
N1,59,6.8,2.0,4.43300000000005
N1,60,6.8,2.0,6.249000000000024
N1,61,6.8,2.0,6.4950000000000045
N1,62,6.8,2.0,20.92799999999994
N1,63,6.8,2.0,2.493000000000052
N1,64,6.685960529602803,2.0,8.005999999999972
N1,65,5.8,2.0,16.72399999999999
N1,66,5.8732036367191345,2.0,10.229000000000042
N1,67,5.9,2.0,7.610000000000014
N1,68,5.855931281094528,2.0,12.863999999999976
N1,69,5.758837641696156,2.0,33.346000000000004
N102,1,6.0492847344699205,2.0,10.206
N102,2,5.682529659395331,2.0,10.452000000000002
N102,3,5.945835929387331,2.0,4.815000000000001
N102,4,6.047681624729336,1.9888001194653924,13.392999999999997
N102,5,5.6,2.0,5.561
N102,6,5.626902697495183,1.9244139370584457,12.456000000000003
N102,7,5.3,1.5,6.178000000000004
N102,8,5.727206670637285,1.8309112567004169,8.394999999999996
N102,9,6.887841788478073,2.0,5.814999999999998
N102,10,6.071742746257623,2.0,5.411000000000001
N104,1,15.059424920127798,3.9169329073482424,1.8780000000000001
N104,2,7.24126213592233,2.0,2.4719999999999995
N104,3,7.221437578814628,2.0,3.965
N104,4,7.1909454881429005,2.0,6.4940000000000015
N104,5,5.811288237828521,2.0,2.320999999999998
N104,6,6.113820409382938,2.0,6.693000000000001
N104,7,8.535010197144798,2.5962901816062924,10.296999999999997
N104,8,11.024338734971245,3.076842655514897,1.9130000000000038
N104,9,7.41532656852937,2.0,6.997
N104,10,9.212258064516128,2.672811059907834,2.1700000000000017
N104,11,6.8303837471783275,2.0,4.43
N105,1,7.751073070217149,2.126802979870027,6.309
N105,2,7.27545888512473,2.0,6.493999999999999
N105,3,15.321391066761676,2.385127108576859,8.418000000000001
N105,4,7.42944918121532,2.040330220598187,7.388999999999999
N105,5,7.873595654478008,2.184552199258081,7.548000000000002
N105,6,7.332936991869921,2.0282520325203266,9.840000000000003
N105,7,8.0428026361429,2.244883801595557,2.8829999999999956
N106,1,11.644389763779527,3.256561679790026,12.192
N106,2,5.7220157104783285,2.0,7.128999999999998
N106,3,5.70432073954984,2.0,4.975999999999999
N106,4,6.114220183486238,2.0,0.9810000000000052
N106,5,6.9120781824256605,2.0,11.971999999999998
N106,6,7.300000000000001,2.0,4.575000000000003
N106,7,7.37341933654664,2.0,7.053999999999995
N106,8,7.304421889838556,2.0,8.424000000000007
N106,9,7.66732481407772,2.1246464858070597,9.54699999999999
N107,1,5.903415623943186,2.0,2.957
N107,2,5.680459272097053,2.0,2.308
N107,3,5.5904794390752315,2.0,5.277
N108,1,5.846644780621977,2.0388181535867975,22.541
N110,1,8.0,2.0,1.89
N110,2,6.945324881141046,2.0,6.31
N2,1,10.513705144833551,2.786856895806312,2.313
N2,2,7.234174860483657,2.0478341748604834,3.7630000000000003
N2,3,7.4550148957298905,2.0456802383316783,5.034999999999998
N2,4,9.666628175519628,2.623556581986143,0.8660000000000014
N2,5,9.064812582200792,2.2267645769399387,18.248
N2,6,15.7698580489277,2.242222893385684,3.311
N2,7,8.852996548478192,2.463340654743227,9.561
N2,8,8.071552697888599,2.1285950125988338,11.509
N2,9,7.950870447506141,2.10488091423689,9.362999999999992
N2,10,8.354321174511899,2.25185409414258,6.6070000000000135
N2,11,16.468380114981393,3.9120730470071,2.9569999999999936
N2,12,7.7555736371033355,2.0956061838893407,12.289999999999992
N2,13,9.042372881355929,2.47457627118644,0.5900000000000034
N2,14,7.891151567885942,2.134901777048959,29.881
N2,15,7.520447731361182,2.0319808115130913,25.015
N2,16,7.847377472055062,2.104041272570945,4.652000000000015
N2,17,7.569184222321832,2.0520786642761104,35.696
N2,18,7.552637977145593,2.035497203987347,4.1129999999999995
N2,19,7.52089027723546,2.0281140179617347,5.121999999999986
N2,20,7.507131280388981,2.02860968219294,14.191000000000003
N2,21,7.4,2.0,10.748999999999995
N2,22,7.4383097905504165,2.0147345348270833,8.212000000000018
N2,23,8.0850263355907,2.209932279909707,1.3289999999999793
N2,24,8.2498322147651,2.13003355704698,2.3840000000000146
N2,25,8.99793524167066,2.499765368371682,2.1310000000000002
N2,26,7.3,2.0,8.034999999999997
N2,27,7.3,2.0,24.199000000000012
N2,28,7.3,2.0,19.976
N2,29,7.299999999999999,2.0,4.4179999999999495
N204,1,5.325972729773272,1.5064049667963375,25.449
N204,2,5.619596522514486,1.6479603209986617,8.971999999999998
N205,1,7.598594594594594,2.0,1.85
N205,2,9.9,3.0,0.6280000000000001
N206,1,10.7449081803005,3.2776850306065666,1.797
N207,1,7.488963210702342,2.0,2.99
N207,2,7.6143607295231845,2.0140653570256455,21.329
N207,3,6.804909130013981,1.8563017528766534,18.598
N207,4,7.1178873464177475,2.383357268230414,25.067999999999998
N208,1,7.121316614420063,2.19435736677116,3.19
N208,2,6.843910037970986,2.0,10.270999999999999
N208,3,5.993769453829577,2.0114395168799386,37.589
N208,4,5.6,2.0,2.2920000000000016
N208,5,8.044618348182034,2.0,4.152999999999999
N209,1,10.028195488721806,2.6917293233082704,1.33
N3,1,30.2,8.0,1.81
N3,2,31.085552642472745,8.0,7.247
N3,3,26.913319672131152,8.0,1.4639999999999986
N3,4,19.009090909090915,5.51196172248804,0.2090000000000014
N3,5,14.666045889494802,4.0,9.719000000000001
N3,6,14.670879526977076,4.005912786400588,1.352999999999998
N3,7,17.03117617804302,4.556011438517966,8.043
N3,8,14.95,4.0,4.183
N3,9,14.95,4.0,10.844000000000001
N3,10,14.9111600402617,4.0,3.9740000000000038
N3,11,14.6,4.0,0.7100000000000009
N3,12,14.6,4.0,20.734999999999992
N3,13,14.6,4.0,0.0040000000000048885
N3,14,14.6,4.0,4.7109999999999985
N3,15,14.6,4.0,4.828000000000003
N3,16,14.599999999999998,4.0,11.288000000000011
N3,17,14.6,4.0,15.461999999999989
N3,18,14.6,4.0,3.414999999999992
N3,19,7.3,2.0,1.5840000000000032
N302,1,10.637894736842105,2.5789473684210527,2.375
N302,2,9.255877668047148,3.0,3.1389999999999993
N302,3,9.639552238805969,3.037313432835821,3.216000000000001
N302,4,7.883712121212121,2.253787878787879,2.639999999999999
N302,5,7.5527890056588545,2.057396928051739,6.1850000000000005
N309,1,7.281107594936709,2.0189873417721516,3.16
N309,2,7.216024527337762,2.01021972406745,3.9139999999999997
N309,3,7.432152833520629,2.0,6.228999999999999
N4,1,8.997008724553387,2.3020357291233897,2.407
N4,2,7.439271083486368,2.009817770871592,14.158000000000001
N4,3,7.4,2.0,4.2989999999999995
N4,4,7.3999999999999995,2.0,5.354000000000003
N4,5,7.4,2.0,8.629999999999995
N4,6,7.903134796238247,2.2076802507836994,7.655999999999999
N4,7,7.53389881853984,2.019691002726447,13.204
N4,8,7.4,2.0,1.973000000000006
N4,9,7.498708650274191,2.0318415000884484,5.652999999999992
N4,10,7.263907180934463,2.0,6.378000000000007
N4,11,6.071804511278194,2.0146198830409356,9.575999999999993
N4,12,5.918777885548011,2.0,10.310000000000002
N4,13,6.711392405063289,2.2482005460412005,4.029000000000011
N4,14,5.9824798068115586,2.0,12.009
N4,15,5.810738255033556,1.8534379305746924,22.49899999999998
N4,16,5.0,1.5,13.987000000000023
N4,17,5.0,1.5,4.182999999999993
N401,1,5.901245696844944,2.0230684600915643,28.177
N401,2,5.7,2.0,2.228999999999999
N401,3,5.736608903185639,2.0,9.637
N401,4,6.678766037191869,2.2191148911633265,6.936999999999998
N403,1,6.761345123258305,2.1489817792068595,3.7319999999999998
N405,1,7.261123745819398,2.0008026755852844,7.475
N405,2,10.348683138745587,2.8384469182731467,18.415
N405,3,7.443358689291984,2.047786229763995,10.253999999999998
N405,4,7.351768766177742,2.017256255392581,4.636000000000003
N5,1,14.999999999999998,4.0,2.59
N5,2,15.0,4.0,4.355
N5,3,15.070970255877386,4.091570333809586,15.398000000000003
N5,4,8.742688081149623,2.386728655959426,4.731999999999996
N5,5,6.888697788697785,2.055692055692055,6.105
N5,6,8.278779022568603,2.4201980841045634,12.318000000000005
N5,7,10.148514851485153,3.135834636095189,5.756999999999998
N5,8,9.827614379084968,3.1478758169934644,6.119999999999997
N5,9,8.087871581450653,2.4518430439952437,8.409999999999997
N5,10,8.906022187004744,2.706814580031692,6.310000000000002
N5,11,8.475458641776639,2.0128741551335714,6.213999999999999
N5,12,8.464428696332428,2.0,21.73100000000001
N5,13,7.8,2.0,1.2149999999999892
N5,14,7.310648655226968,2.0,8.217000000000013
N5,15,8.456006062902617,2.2841985600606294,2.638999999999996
N5,16,7.317039231528868,2.004668282610649,11.138999999999996
N5,17,7.548203256597415,2.0516563728242554,7.123999999999995
N5,18,7.473924731182791,2.0,5.207999999999998
N5,19,7.341081334479259,2.009531994687086,12.799000000000007
N5,20,7.484721859493346,2.0689475058762103,3.8290000000000077
N5,21,7.4219077568134075,2.0,1.907999999999987
N5,22,7.503049049933725,2.0,2.2630000000000052
N5,23,7.483368798297685,2.0134393549109646,8.929000000000002
N5,24,7.533711299546444,2.0440741471110235,10.141999999999996
N5,25,7.4,2.0,5.128000000000014
N5,26,8.666407692307697,2.4366923076923093,13.0
N5,27,8.110307017543853,2.2236842105263133,4.559999999999974
N5,28,14.247761194029852,3.8507462686567164,0.8040000000000305
N5,29,7.635657271139936,2.037166375654777,16.035999999999973
N5,30,7.5,2.0,0.3300000000000125
N5,31,7.5,2.0,0.789999999999992
N5,32,10.315113871635663,2.830227743271236,1.9320000000000164
N5,33,8.388951048951041,2.3174825174825147,2.859999999999985
N5,34,7.358127018299249,2.0,1.858000000000004
N5,35,7.3,2.0,2.5009999999999764
N5,36,7.3,2.0,1.1990000000000123
N5,37,7.221680790960452,2.0,7.0800000000000125
N5,38,7.3,2.0,5.932999999999993
N5,39,7.2494949494949505,2.0,1.7820000000000107
N5,40,7.3,2.0,0.4449999999999932
N5,41,7.270253164556963,2.0,0.789999999999992
N5,42,7.2,2.0,12.784999999999997
N5,43,7.260725075528701,2.0,1.6550000000000296
N5,44,7.3,2.0,15.350999999999942
N5,45,7.296158612143741,2.0,16.140000000000043
N5,46,7.289694323144104,2.0,1.1449999999999818
N5,47,7.295878451159362,2.0,17.63900000000001
N5,48,7.2052559726962455,2.0,14.650000000000034
N5,49,14.294801223241667,3.4189602446483334,4.904999999999973
N5,50,17.2,4.0,2.5249999999999773
N5,51,10.457986463620967,2.634517766497459,5.910000000000025
N5,52,7.300000000000001,2.0,4.421999999999969
N5,53,7.332651902328225,2.021294718909711,14.088000000000022
N5,54,7.346563192904649,2.0141100584559553,9.921999999999969
N5,55,8.465590484282064,2.4248088360237867,4.708000000000027
N5,56,7.050251497005989,2.0,4.175000000000011
N5,57,6.4281816243871255,2.0,9.381999999999948
N5,58,6.086406995230525,2.0,12.580000000000041
N5,59,5.989974937343351,2.0,11.96999999999997
N5,60,6.0,2.0,0.7900000000000205
N5,61,5.950979712155368,2.0,28.83499999999998
N5,62,5.887073754789272,2.0,20.879999999999995
N5,63,5.888950551405194,2.0,14.055000000000007
N5,64,5.97116279069767,2.0,0.8600000000000136
N5,65,7.144776119402982,2.0,23.517000000000053
N5,66,7.700000000000002,2.135663970780069,30.663999999999987
N501,1,7.309109060656481,2.0,6.611000000000001
N501,2,7.357809041455638,2.004126805477396,5.3309999999999995
N502,1,5.999122191011237,2.114616773675762,19.936
N502,2,5.5,2.0,2.6199999999999974
N502,3,6.97915287888816,2.2243547319655868,3.0220000000000056
N502,4,6.161847478203289,2.043151969981238,18.122
N502,5,10.116452131938841,2.1649235720032167,12.43
N502,6,6.946717877094971,2.0,7.159999999999997
N503,1,8.924772101560112,2.5842765371673297,3.2689999999999997
N504,1,8.624605441154365,2.643920036073952,6.653
N505,1,7.204909090909091,2.0,4.4
N506,1,6.501540832049306,1.8819722650231125,3.245
N506,2,5.983990860624524,2.0,19.695
N506,3,5.784263348052993,2.0,9.964000000000002
N506,4,6.729766843919826,2.022439081400105,17.112999999999992
N507,1,11.52160904255319,3.0033244680851063,15.04
N507,2,11.5,3.0,5.32
N507,3,11.5,3.0,7.75
N507,4,11.499999999999998,3.0,15.219999999999999
N507,5,11.508953341740224,3.002522068095838,7.93
N508,1,7.653561136270071,2.125154384520379,12.145
N508,2,8.191644908616187,2.5013054830287205,3.83
N509,1,5.7517788861180374,2.039900249376559,12.03
N509,2,6.18112676056338,2.0,1.7750000000000004
N509,3,5.420070987915153,1.571621735823544,59.165
N509,4,5.4,1.5,18.003
N509,5,5.479649251004749,1.8357690902447905,2.7369999999999948
N509,6,5.42391621129326,1.6195810564663025,10.980000000000004
N514,1,14.505570291777186,4.0,3.77
N514,2,14.499999999999998,4.0,4.9
N516,1,6.841538461538462,2.276923076923077,1.3
N516,2,11.51955223880597,3.008955223880597,6.7
N517,1,7.060869565217392,2.0,0.805
N517,2,7.268943089430894,2.286178861788618,3.0749999999999997
N517,3,10.125523012552303,3.0209205020920504,1.1950000000000003
N517,4,15.36842105263158,4.0,3.1350000000000007
N518,1,7.471153846153846,2.1081730769230766,4.16
N6,1,7.461561119293077,2.0500736377025035,6.79
N6,2,7.369449715370019,2.0227703984819736,5.2700000000000005
N6,3,7.347350459759219,2.0526116219546875,10.549000000000001
N6,4,7.934648370497427,2.171526586620926,2.914999999999999
N6,5,7.331544575195614,2.0308052492144664,16.231
N6,6,7.36513070447497,2.0265839610101914,4.513999999999996
N6,7,7.406114398422084,2.0394477317554216,5.07
N6,8,7.300000000000001,2.0,9.967000000000006
N6,9,7.656669361358123,2.0986257073565078,17.31799999999999
N6,10,7.5,2.0,4.799999999999997
N6,11,8.119718309859197,2.225352112676071,1.4200000000000017
N6,12,7.729885057471259,2.091954022988504,5.219999999999999
N6,13,9.218714555765596,3.005671077504726,10.579999999999998
N6,14,7.428241563055064,2.067495559502666,5.63000000000001
N6,15,7.903874813710881,2.262295081967214,13.420000000000002
N6,16,8.053263521756824,2.2551850345669,9.835999999999999
N6,17,9.251160509970587,2.648577966655773,3.0589999999999975
N6,18,9.62912764908822,2.673238048299654,10.14500000000001
N6,19,8.934966819806002,2.6523736600306185,9.794999999999987
N6,20,8.6,2.0,0.05000000000001137
N6,21,6.171593090211131,2.0,10.941000000000003
N6,22,6.2902939166097065,2.0,11.704000000000008
N6,23,7.005686546463262,2.253814147018037,3.6049999999999898
N6,24,6.3467820973538025,2.072525318523357,15.305000000000007
N6,25,6.620259818731115,2.0767371601208446,16.55000000000001
N6,26,6.1,2.0,4.280000000000001
N6,27,6.099999999999999,2.0,3.444999999999993
N6,28,6.5823997108782155,2.0520419226599222,13.835000000000008
N602,1,11.41616,3.3968000000000003,1.25
N602,2,9.344266666666668,2.5600000000000005,3.75
N602,3,7.6,2.0,0.6399999999999997
N603,1,7.389677419354839,2.025806451612903,9.3
N603,2,7.366363636363635,2.0181818181818176,4.399999999999999
N603,3,7.359754433833561,2.0163710777626194,7.330000000000002
N604,1,13.235929648241205,3.92964824120603,1.99
N604,2,13.130372492836676,4.0,1.3960000000000001
N604,3,13.635913591359136,3.8942394239423943,4.444
N7,1,10.165078125,2.7096875,6.4
N7,2,7.5,2.0,1.2699999999999996
N7,3,7.995842880523731,2.2099836333878886,6.109999999999999
N7,4,7.782214467005077,2.1871192893401017,15.76
N7,5,7.417173581574513,2.016050076237862,12.461000000000006
N7,6,7.304571046855616,2.0,10.478999999999992
N7,7,7.794307790458635,2.2481037782661084,14.107000000000006
N7,8,7.3,2.0,4.3799999999999955
N7,9,8.550784856879043,2.3601108033241,5.415000000000006
N7,10,9.538686131386859,3.0,1.3699999999999903
N7,11,9.5,3.0,0.03499999999999659
N7,12,9.5,3.0,0.7000000000000028
N7,13,7.742595874959718,2.1649613277473416,24.824000000000012
N7,14,7.682692307692286,2.130108173076917,3.3279999999999887
N7,15,6.333287535302655,2.0375543851614393,13.100999999999999
N7,16,10.0122977346278,2.935275080906138,0.617999999999995
N7,17,8.366148867313925,2.367637540453077,3.0900000000000034
N7,18,6.684278378089229,2.0358403765914206,18.694000000000003
N7,19,7.029744928700535,2.183771841735286,4.979000000000013
N7,20,7.468768115942031,2.0835748792270543,4.139999999999986
N7,21,7.913134120917297,2.007875839703496,4.317000000000007
N7,22,7.5,2.0,1.5
N7,23,7.292207239176726,2.0765791341376887,14.090000000000003
N7,24,7.3,2.0,0.7259999999999991
N7,25,7.936049640327277,2.2015814617538862,18.210999999999984
N7,26,7.570833333333313,2.0,0.36000000000001364
N7,27,9.344017914267434,2.9733418639368736,4.689000000000021
N7,28,10.218633264156553,3.212422176104362,6.745999999999981
N7,29,12.096810018903595,3.621928166351608,8.463999999999999
N7,30,9.608093525179875,2.672062350119913,3.3359999999999843
N7,31,7.299999999999999,2.0,0.6400000000000148
N7,32,7.3,2.0,4.620999999999981
N7,33,7.7528018757327395,2.133177022274335,4.265000000000015
N7,34,6.883025076591398,2.0136162487234763,26.438999999999993
N702,1,7.631940963519912,2.1448064605959343,14.364
N702,2,7.3269685039370085,2.036294291338583,16.256
N702,3,7.4764661081492765,2.0632140137090635,13.129999999999999
N703,1,6.803575025176234,2.191339375629406,1.986
N703,2,9.666666666666677,2.9523809523809548,0.08399999999999985
N703,3,7.2161971830985925,2.1408450704225355,1.4200000000000004
N704,1,5.110629067245119,1.5303687635574839,0.922
N704,2,10.117062146892657,2.8045197740113,3.5399999999999996
N704,3,7.458086696562034,2.0245142002989533,16.724999999999998
N704,4,7.300000000000001,2.0,20.035000000000004
N704,5,7.629710144927538,2.1268115942028993,2.2079999999999984
N704,6,8.547911622276029,2.356764527845036,6.608000000000004
N704,7,7.43937587657784,2.0,14.259999999999998
N704,8,7.8,2.0,2.3769999999999953
N704,9,8.526595604684823,2.4434794051848914,7.599000000000004
N704,10,7.79972539384304,2.0361323890735656,6.918999999999997
N704,11,9.824347826086928,2.6376811594202887,0.34499999999999886
N705,1,6.1993253968253965,2.0,5.04
N705,2,7.566394742805348,2.0,4.412999999999999
N706,1,6.993144876325089,2.021201413427562,2.83
N706,2,7.346827794561933,2.010358221838584,23.17
N706,3,7.601934426229508,2.077049180327869,12.200000000000003
N707,1,8.128411131059247,2.3298922800718134,2.228
N707,2,13.220131421744323,3.5902031063321385,1.6739999999999995
N707,3,8.619783616692427,2.3384853168469864,2.5880000000000005
N708,1,8.662793473935533,2.7107043374452844,2.513
N708,2,11.80688421993742,3.016540008940545,2.237
N711,1,6.035055865921788,2.0083798882681565,3.58
N8,1,14.55355294117647,4.0,1.275
N8,2,15.028864628820962,4.0,0.4580000000000002
N8,3,12.71054726368159,3.5492537313432835,3.015
N8,4,7.7615488442719744,2.069849839716551,5.9270000000000005
N8,5,12.168345864661656,2.8879699248120305,5.3199999999999985
N8,6,7.300000000000001,2.0,2.455
N8,7,7.299999999999999,2.0,0.402000000000001
N8,8,7.549497487437184,2.07286432160804,6.3679999999999986
N8,9,7.562583833392158,2.064242852100246,8.499000000000002
N8,10,11.667197170645446,3.0539345711759505,1.1310000000000002
N8,11,10.599853049228512,2.7776634827332853,13.61
N8,12,7.802533936651585,2.072579185520363,11.049999999999997
N8,13,7.793694755450797,2.0692987625220987,8.485000000000007
N8,14,7.336473530637764,2.0104210087536467,9.596000000000004
N8,15,7.406701346389231,2.012239902080784,9.803999999999988
N8,16,7.331084260731326,2.009666136724962,15.725000000000009
N8,17,7.310419380046885,2.0052096900234426,7.677999999999983
N8,18,7.3,2.0,3.9750000000000085
N8,19,5.61638846737481,2.0,11.862000000000009
N8,20,6.146515323496027,2.0,17.61999999999999
N8,21,7.524613117170229,2.0,6.784999999999997
N8,22,5.5657,1.7789999999999992,5.0
N8,23,5.665011286681717,2.0,6.64500000000001
N8,24,5.6794444444446155,2.0266666666666993,1.8000000000000114
N8,25,7.3387096774193274,2.2580645161290307,1.2399999999999807
N8,26,7.374905054046168,2.1884312007011424,3.423000000000002
N8,27,9.939447681783623,2.9267798327843892,3.9470000000000027
N8,28,5.625188284518815,2.0259414225941392,3.585000000000008
N8,29,5.5,2.0,7.382000000000005
N8,30,5.889766517635373,2.0,10.064999999999998
N8,31,7.3773727272727205,2.0,11.0
N803,1,14.6,4.0,2.45
N803,2,14.832738095238094,4.0,2.0999999999999996
N803,3,11.073037974683546,3.1443037974683548,1.58
N804,1,7.362512873326468,2.0133024373498114,5.8260000000000005
N804,2,7.304849147753168,2.0,10.971
N804,3,7.3,2.0,8.551000000000002
N804,4,11.022121486854038,3.078875793291026,4.411999999999999
N804,5,15.506904038211031,4.0,2.303000000000001
N805,1,7.587470119521913,2.016932270916335,5.02
N805,2,7.75315649867374,2.0904130352406214,13.195
N805,3,8.586180392156862,2.387921568627451,6.375
N805,4,7.588296415626255,2.0304470398711225,12.415000000000003
N805,5,8.421987577639761,2.365217391304353,0.8049999999999997
N805,6,9.05606313020605,2.5569487067075847,11.405000000000001
N805,7,7.603552750225427,2.036158701532913,11.089999999999996
N805,8,7.528329749103943,2.014910394265233,6.975000000000001
N805,9,8.507014925373111,2.479104477611936,0.6700000000000017
N805,10,7.580068337129838,2.042141230068336,1.7560000000000002
N805,11,7.5,2.0,3.179000000000002
N805,12,7.611635944700459,2.058755760368663,4.339999999999989
N805,13,7.604476559746215,2.0549876630243236,2.8370000000000033
N805,14,7.559483521018803,2.019869111491066,16.961
N805,15,7.5,2.0,3.5
N805,16,7.5334114888628365,2.0111371629542787,8.530000000000001
N805,17,7.665189873417755,2.0550632911392515,1.5799999999999983
N806,1,5.86195054945055,2.013736263736264,3.64
N806,2,5.64167900190315,2.0422922393740746,4.728999999999999
N806,3,5.5260376185294575,2.0077724234416294,12.866
N806,4,6.9406779661016955,2.254237288135593,1.5340000000000025
N806,5,6.252446043165467,2.0,1.3900000000000006
N806,6,5.5125075075075065,2.0,6.66
N806,7,5.5,2.0,10.502999999999993
N806,8,5.678739077056403,2.0144435617823357,13.847000000000001
N808,1,7.929150943396228,2.0094339622641506,5.3
N809,1,12.24404332129964,3.7978339350180503,2.77
N809,2,6.043083003952569,2.0,2.53
N809,3,5.8,2.0,20.39
N809,4,5.6,2.0,9.504999999999999
N809,5,5.8,2.0,6.964999999999996
N809,6,5.7193238122996215,2.005412832576925,24.016999999999996
N809,7,5.97619047619038,2.048840048840039,1.6380000000000052
R110,1,10.071279373368146,2.924281984334204,1.915
R110,2,7.299882629107981,2.0,4.26
R110,3,7.32,2.0,0.125
R110,4,7.305552699228792,2.0,3.8899999999999997
R110,5,10.277890338827838,3.083333333333333,8.735999999999999
R111,1,14.499594077729796,4.0,8.105
R113,1,5.592780094923055,2.0,6.952999999999999
R113,2,5.5,2.0,5.166000000000002
R114,1,6.0617557251908405,2.119847328244275,1.31
R114,2,5.65046336340047,2.018040281724947,8.092999999999998
R114,3,6.029763274202338,2.0102318823030823,16.517000000000003
R114,4,6.282050594657827,1.9620296354065114,20.516000000000005
R140,1,7.492682926829268,2.0,1.23
R140,2,7.969701280227597,2.140825035561878,3.515
R140,3,6.250427800447544,2.0585757535869424,7.597
R140,4,6.093356242840778,2.0,0.8729999999999993
R140,5,5.947759197324414,2.0,7.475000000000001
R140,6,5.946589018302829,2.0,6.009999999999998
R140,7,6.002930744819861,2.0,5.356999999999996
R140,8,6.003225806451613,2.0,4.278000000000006
R140,9,5.700000000000001,2.0,0.8049999999999997
R140,10,5.544622425629291,1.7447559115179256,10.488
R140,11,5.503450858034322,1.7748517940717627,16.025
R140,12,5.6,2.0,3.088000000000001
R140,13,5.6,2.0,3.792999999999992
R140,14,5.5688119953863895,2.0,8.670000000000002
R140,15,5.433479991619527,1.667399958097633,9.546000000000006
R140,16,5.566700995537245,1.5614486783384833,5.826000000000008
R140,17,5.626015466626622,2.0,13.318999999999988
R140,18,6.260578661844485,2.0,1.659000000000006
R140,19,6.2,2.0,0.6209999999999951
R140,20,6.2,2.0,1.2760000000000105
R140,21,6.438539119804401,2.0,6.543999999999997
R140,22,6.098944591029023,2.0,7.579999999999998
R140,23,6.0,2.0,1.2049999999999983
R140,24,6.395443037974683,2.0,11.849999999999994
R141,1,7.63061678463094,2.0808897876643075,1.9780000000000002
R141,2,7.32,2.0,0.3019999999999996
R141,3,7.268596847198377,2.0,6.407000000000002
R141,4,7.3,2.0,2.105999999999998
R141,5,7.300000000000001,2.0,3.0470000000000006
R141,6,7.3,2.0,1.0280000000000005
R141,7,7.3,2.0,0.13199999999999967
R141,8,7.3,2.0,0.5120000000000005
R141,9,7.315286869464766,2.0,12.985
R141,10,6.970431743421054,1.9520970394736845,9.728000000000002
R142,1,7.500746775288528,2.04887983706721,10.311
R142,2,7.328530805687204,2.0,0.4219999999999988
R142,3,5.582145902783162,2.0,12.899
R142,4,5.980150753768846,1.8775125628140703,1.5920000000000023
R142,5,5.597943831494481,1.9511033099297892,3.9879999999999995
R142,6,5.551998119417019,2.0,8.508
R143,1,3.768756169792695,1.0111056268509377,20.26
R151,1,5.821876332622601,2.0170575692963753,4.69
R151,2,5.594073931706066,2.0,15.609
R151,3,3.6605441098785,1.0212185243880965,11.357999999999997
R151,4,3.5788519788095976,1.0,16.045
R160,1,5.559714041826718,2.0,11.715
R160,2,5.584326021747282,2.0,10.668000000000003
R160,3,6.166290714632963,2.1458434613514834,2.0569999999999986
R160,4,5.565711947626841,2.0,18.330000000000002
R160,5,5.643582130025084,2.0,14.750999999999998
R160,6,5.60043452292071,2.0,13.394000000000005
R160,7,5.645661927330175,2.0,15.824999999999989
R160,8,6.421924015868179,2.1107720476045184,6.554000000000002
R161,1,5.622376594749849,2.0,14.970999999999998
R161,2,5.5924575084983,2.0,5.001000000000003
R161,3,5.543594384028567,2.0,12.322000000000003
R161,4,5.547368421052631,2.0,3.3059999999999974
R161,5,5.232177121771218,1.7952029520295203,13.549999999999997
R161,6,5.102494180246093,1.6793315596940475,12.028000000000006
R162,1,3.7715635953930904,1.041311967951928,23.964000000000002
R162,2,3.7287177386317083,1.0,14.645999999999997
R162,3,4.960078619785979,1.6553832714566499,22.895000000000003
R163,1,5.360410973876927,1.5,9.149
R163,2,5.2,1.5000000000000002,6.604000000000001
R163,3,5.31291039249568,1.5,12.152999999999999
R163,4,5.4,1.5,5.530000000000001
R164,1,5.9969149145215175,2.0,10.177999999999999
R170,1,3.6966873804971323,1.0052581261950286,10.46
R170,2,3.4668065967016495,1.0,3.334999999999999
R170,3,5.517179104477613,1.9656716417910447,3.3499999999999996
R170,4,5.597821923274241,2.0,17.543000000000003
R170,5,5.606464713715047,2.0,9.012
R170,6,5.597879706082872,2.0,13.201
R170,7,5.607487039170508,2.0,6.9439999999999955
R170,8,5.588441926345609,2.0,5.295000000000002
R170,9,5.5601728844404,2.0,5.4950000000000045
R171,1,1.17178293135436,0.32365491651205935,10.78
R171,2,3.6316417910447765,1.0,5.0920000000000005
R172,1,5.511099937146449,1.715901948460088,7.955
R172,2,5.596338983050846,2.0,2.9499999999999993
R172,3,5.653951296150825,1.866457187745483,6.365
R180,1,6.199999999999999,2.0,2.687
R180,2,6.721064950263312,2.0,3.4180000000000006
R201,1,7.47184965831435,2.0182232346241453,2.1950000000000003
R202,1,4.18,1.1,4.0
R202,2,4.62577915376677,1.2678018575851393,4.845000000000001
R203,1,5.582417582417582,2.010989010989011,9.1
R203,2,5.740929203539823,2.0221238938053094,9.040000000000001
R203,3,4.049779101037265,1.2160968113714945,10.411999999999999
R203,4,3.65,1.0,3.8740000000000023
R203,5,3.6502182357819386,1.0,22.910999999999994
R203,6,3.7312080536912746,1.2013422818791948,20.860000000000007
R210,1,9.448950524737631,2.449025487256372,1.334
R210,2,8.643900437636761,2.611597374179431,3.656
R211,1,5.911199999999999,2.032,3.75
R211,2,5.740985426786954,2.0,2.8820000000000006
R211,3,6.603675937122129,2.2176541717049587,0.8269999999999991
R211,4,6.17473233404711,2.0,4.203000000000001
R211,5,5.631375905200789,2.0,3.0379999999999985
R211,6,5.7625892490767345,2.0,2.437000000000001
R211,7,5.786242314647377,2.0,2.7650000000000006
R211,8,5.642526794413771,2.0,3.078999999999997
R211,9,5.6062485615650175,2.0,3.475999999999999
R211,10,5.656750707486494,2.0,7.7740000000000045
R211,11,5.56,2.0,1.033999999999999
R211,12,5.637851558533861,1.9157274850238601,9.848999999999997
R212,1,5.707792207792208,2.0,9.24
R212,2,5.554346978557505,2.0,6.155999999999999
R212,3,5.573607887183327,2.0,8.013000000000003
R220,1,5.570802750521519,1.6670014679749672,51.772
R240,1,9.376431137724552,2.3293413173652695,0.835
R240,2,5.516600048157958,1.9398025523717795,4.1530000000000005
R240,3,7.062092875318067,2.2735368956743005,9.432
R240,4,8.429747899159663,2.4873949579831933,2.380000000000001
R240,5,5.682370774078174,1.9450736609043686,23.486
R240,6,5.892615562403695,2.016852850539291,10.384
R241,1,5.542937909585695,1.7361879373542153,45.015
R250,1,10.5433100069979,3.3729881035689293,7.145
R250,2,6.171286857624262,2.2824347093513055,9.495999999999999
R250,3,6.100154189357652,2.11718391181681,15.241
R250,4,5.74859645390071,2.0471276595744685,14.100000000000001
R250,5,5.523704195068392,1.7587950043460363,43.718
R251,1,5.464187508183842,1.6909781327746496,7.6370000000000005
R251,2,4.778906069697668,1.5286175859681512,4.333
R251,3,4.558181818181819,1.4363636363636365,1.6499999999999986
R280,1,15.082317073170735,4.0,4.92
R280,2,6.924778225806452,2.3044354838709675,9.92
R280,3,5.603784261715297,2.0,5.655000000000001
R280,4,5.609589811871833,2.0,23.282
R280,5,5.610086413826211,2.0,10.415
R280,6,5.595561187545257,2.0,8.286000000000001
R280,7,9.35738143289608,2.674066599394555,3.9639999999999915
R281,1,5.6897444872243605,2.0,14.285
R281,2,5.498761335134092,1.7491800115763074,5.183
R281,3,5.917130226285031,1.5901393676007791,13.346
R281,4,5.851984017635711,1.9079942438994517,32.660999999999994
R281,5,7.020189688715956,2.4426070038910517,10.280000000000001
R281,6,5.837830241708834,2.019673974142779,7.116000000000014
R282,1,7.309816971713811,2.249584026622296,0.601
R282,2,4.260994975497798,1.2286458656410892,16.121000000000002
R301,1,6.435113734523466,1.755254822919666,6.946000000000001
R301,2,6.814038520959934,2.0150375939849625,9.709
R301,3,5.520439189189189,1.5734797297297296,0.5919999999999987
R301,4,5.3,1.5,0.972999999999999
R301,5,5.3,1.5,6.710000000000001
R301,6,7.335126412049488,1.8768154922001072,1.8590000000000018
R301,7,7.6,2.0,4.4190000000000005
R301,8,7.6,2.0,1.828999999999997
R302,1,5.616692976588628,2.0,7.475
R303,1,7.487259100642399,2.071377587437545,1.401
R310,1,8.874843815077051,2.1874219075385257,2.401
R310,2,8.5,2.0,1.3290000000000002
R310,3,8.037554004652709,2.5638639636645624,18.054000000000002
R310,4,9.999301557338368,2.999842693094227,6.356999999999996
R310,5,5.571158947597304,2.0,9.198
R311,1,7.449035299276473,2.2192501644376232,4.561
R312,1,5.767656964296048,1.933452925177941,17.281
R312,2,5.8768243243243585,2.0,0.14800000000000324
R312,3,6.664364640883976,2.0,1.0859999999999985
R312,4,5.161935015189539,1.6406022982432966,22.713
R312,5,4.55815,1.5016666666666667,1.7999999999999972
R313,1,5.7647959957530714,2.0,6.593
R313,2,4.419900237240709,1.4140762820122879,16.438999999999997
R313,3,3.6086908077994426,1.0,1.0770000000000053
R313,4,3.597804089239708,1.0,18.242999999999995
R314,1,4.231975351301544,1.2210089841050449,43.41
R315,1,5.533739922888187,2.0,2.853
R315,2,3.9315079643533783,1.0337520174022876,28.502000000000002
R315,3,136.15618031992247,1.9604944255937955,20.63
R360,1,6.158436061191147,2.0668349918312785,6.733
R360,2,5.686606288448393,2.0,11.704
R360,3,5.656998968717772,2.0,14.544999999999998
R360,4,6.582811324771163,2.234868374370255,14.093000000000004
R360,5,5.700804876142846,2.0156286629678832,12.796999999999997
R360,6,5.553274302213667,2.0,5.194999999999993
R360,7,5.58,2.0,3.308000000000007
R360,8,5.606738769639302,2.0,18.076000000000008
R360,9,5.603688888888889,2.0,3.375
R360,10,5.5623292273236284,2.0,8.036999999999992
R360,11,5.594233766233765,2.0,3.464999999999989
R360,12,5.607964015889088,2.0,12.839000000000013
R360,13,7.648570784490542,2.3764652840396785,2.2180000000000035
R370,1,7.202327105866928,2.2048508685676826,6.102
R370,2,7.572364672364671,2.3304843304843303,0.3509999999999991
R370,3,4.909072747832643,1.4197135318507352,15.918
R370,4,4.411841105354059,1.287334484743811,17.37
R370,5,6.730946882217092,2.0,1.2989999999999995
R370,6,5.62,2.0,1.381999999999998
R370,7,5.621882352941177,2.0,9.520000000000003
R370,8,4.5448945944785555,1.4389893091752184,23.291000000000004
R370,9,5.4930773866085705,1.855830069297981,43.14699999999999
R370,10,3.6977773375594296,1.0154516640253566,12.620000000000005
R371,1,6.300304827813476,2.056846267918932,24.276
R371,2,6.042026528373392,2.0,20.054
R371,3,6.192251521298175,2.0101419878296145,14.79
R371,4,6.113851239669422,2.0,6.050000000000004
R450,1,5.611234705228031,2.0000000000000004,8.99
R451,1,5.680912863070539,2.0221300138312586,10.845
R451,2,7.755754475703324,2.4296675191815855,1.955
R451,3,15.0,4.0,0.5779999999999994
R451,4,6.859698681732574,2.2862523540489628,1.0619999999999994
R460,1,6.451610764947634,2.0,7.542999999999999
R460,2,5.7936658636814515,2.0,7.057
R460,3,6.386472642607683,2.0,4.295
R460,4,5.9863983548766155,2.0,10.212
R460,5,6.1264331210191045,2.0796178343949037,3.7680000000000007
R480,1,5.786559849198869,2.007540056550424,15.915
R480,2,6.605253164556959,2.0,0.9480000000000004
R480,3,5.9814551363061925,2.0,5.538999999999998
R504,1,5.553499277435338,1.911522694428879,33.907
R506,1,5.590190989875767,1.9009682125646579,22.619
R506,2,5.7211765728189095,2.0,17.262
R506,3,5.651755483411197,2.005542798321324,12.628999999999998
R506,4,9.102616516762062,2.558462796402292,1.223000000000006
R545,1,7.332065217391305,2.0706521739130435,1.8400000000000003
R545,2,6.067592592592591,2.037037037037037,8.64
R545,3,6.284866468842729,2.112759643916914,10.11
R545,4,5.524592354985297,2.0053461641272388,11.223000000000003
R545,5,5.883590047393363,2.066646919431279,6.751999999999995
R545,6,5.5,2.0,3.2750000000000057
R545,7,5.5,2.0,0.9749999999999943
R545,8,8.783514492753593,2.3321256038647316,1.656000000000006
R545,9,7.976086640500074,2.4055822067160926,6.878999999999998
R545,10,6.204865706500583,2.0,7.706999999999994
R545,11,5.851081616823224,2.0896319917262747,11.603000000000002
R545,12,5.8822476735862566,2.0858983536148883,13.969999999999999
R545,13,5.512518628912072,2.0,33.55000000000001
R545,14,6.049818181818188,2.0,2.75
R546,1,5.183959537572255,1.8027456647398843,3.46
R547,1,6.928571428571429,2.142857142857143,0.7
R547,2,4.943335521996061,1.690741956664478,15.23
R547,3,4.56512702078522,1.40675519630485,17.32
R547,4,5.558187421207451,1.8728113181117805,35.69499999999999
R547,5,3.7915258511979832,1.0307692307692307,19.825000000000003
R547,6,5.030659025787966,1.6839950880065495,12.215000000000003
R548,1,4.001353276353276,1.1648860398860397,28.08
R548,2,3.7629987400251994,1.2364552708945822,11.905000000000001
R548,3,5.449310137972405,1.97375524895021,13.336000000000006
R549,1,5.345963528831937,1.6451207491375062,20.29
R550,1,5.814755295836377,2.073046018991965,5.476
R550,2,5.993887214808438,2.0,18.584
R550,3,6.0106345733041575,2.0,4.57
R550,4,5.567966573816156,2.0,3.59
R550,5,6.7610389610389605,2.0454545454545454,4.6200000000000045
R555,1,5.661065088757396,2.0,16.9
R555,2,6.690350016355902,2.0,3.057000000000002
R555,3,6.501323251417771,1.7679584120982987,1.0579999999999998
R556,1,9.277496665375844,2.9935458887311213,23.241
R556,2,9.139869281045753,2.679738562091502,1.5300000000000011
R556,3,8.8,2.0,7.869
R556,4,8.616057808109193,2.0,2.4909999999999997
R557,1,5.508923742563548,2.002549640732442,12.943
R558,1,7.938582677165353,2.0,5.08
R570,1,5.524910118130457,2.005136106831022,9.735
R570,2,5.5941007194244605,2.0,3.4750000000000014
R570,3,7.593160377358492,2.0,2.119999999999999
R585,1,5.720534759358288,2.0,4.675
R585,2,6.612924569916189,1.7850904278782531,11.335
R585,3,5.4,1.5,4.119
R585,4,5.4,1.4999999999999998,14.376000000000001
R585,5,5.4,1.5,15.409999999999997
R585,6,5.4,1.5,3.6270000000000024
R585,7,5.5116895409370565,1.6396119261713205,12.677999999999997
R585,8,6.250884955752212,2.0,2.260000000000005
R585,9,5.524346201743462,2.0,19.272000000000006
R585,10,5.680550581915844,2.0203670546105634,17.871999999999986
R585,11,5.815551537070506,2.095840867992761,1.1060000000000088
R586,1,7.012068965517241,2.0517241379310347,1.16
R586,2,6.982336182336182,2.056980056980057,2.106
R587,1,11.168164383561646,3.102739726027397,3.65
R587,2,6.916666666666667,2.0,2.4899999999999998
R601,1,5.563234334203655,2.001359878154917,18.384
R601,2,5.568485763589301,2.0,18.544000000000004
R601,3,5.5,2.0,15.506999999999998
R602,1,5.962897526501768,2.070671378091873,1.415
R603,1,7.372342851929568,2.005428336830581,21.921999999999997
R603,2,7.462174025303384,2.038987864704364,3.8730000000000047
R604,1,5.507248711340206,2.0,18.624000000000002
R604,2,5.545000000000002,2.0,1.6799999999999997
R604,3,5.54936416184971,2.0,1.7300000000000004
R604,4,5.840909090909091,2.0,18.545999999999996
R681,1,5.65801209372638,2.0,13.23
R685,1,9.5270337922403,2.5581977471839794,3.995
R685,2,6.209899569583931,2.0,17.425
R685,3,5.5,2.0,2.6999999999999993
R685,4,5.771021912758548,2.0069629326233867,24.414999999999996
R685,5,5.909756779424101,2.0027956388034673,17.885000000000005
R710,1,7.104807605251245,2.0228157537347213,11.045
R710,2,8.4,2.0,3.130000000000001
R710,3,6.3106052585142045,2.0,28.334999999999997
R710,4,5.6,2.0,5.140000000000001
R710,5,5.7764276729559745,2.0,15.899999999999999
R710,6,5.76085774058577,2.0061192468619233,9.560000000000002
R711,1,4.296327160493827,1.5077160493827162,6.48
R712,1,3.701351351351352,1.0022522522522523,2.22
R713,1,5.482060717571296,1.9699172033118677,5.435
R720,1,5.525069134226761,1.961550733886407,47.01
R745,1,5.751383000201899,2.0129214617403592,9.906
R745,2,5.619016062001572,2.0,8.903
R745,3,5.646934900542496,2.0,11.059999999999999
R745,4,5.6,2.0,10.700000000000003
R745,5,5.6,2.0,8.054000000000002
R745,6,5.627066640609732,2.0,5.116999999999997
R745,7,6.337393003713113,2.0,25.585
R745,8,11.236842105263179,3.5980861244019264,1.0450000000000017
R745,9,6.1029113631103895,2.03452904420273,21.60499999999999
R745,10,5.6,2.0,13.0
R745,11,5.982550335570461,2.0,1.0429999999999922
R745,12,7.5,3.0,0.8000000000000114
R746,1,7.5516112716763,2.4068641618497106,13.84
R746,2,9.1,3.0,1.7959999999999994
R747,1,5.586959772693286,1.9674742036787796,13.374000000000002
R747,2,5.499999999999999,2.0,11.891
R747,3,5.899208921606328,2.004394879964841,18.203000000000003
R748,1,5.916076190476191,1.8044897959183672,18.375
R748,2,5.944135649925864,1.9517165342356384,26.303000000000004
R748,3,5.815168257157208,2.0,7.9639999999999915
R748,4,5.951937618147448,2.0,6.348000000000006
R748,5,5.591671503192109,1.8004933255948927,6.892000000000003
R749,1,4.8151713833714185,1.6248901388644754,28.445
R755,1,6.525093167701864,2.062111801242236,3.22
R755,2,5.60073861304883,2.0,9.748000000000001
R755,3,5.5,2.0,13.783999999999999
R755,4,5.619291235994092,2.0,11.513000000000002
R760,1,8.377681473456121,2.024918743228602,4.615
R760,2,6.1843158675041945,2.003316296671999,25.630999999999997
R760,3,6.38169038012317,2.082183053726906,28.254
R770,1,7.499568820224718,2.096488764044944,14.24
R770,2,7.46253015013537,2.0760521781934536,4.063000000000001
R770,3,5.829050594144309,2.0086977826779373,8.162999999999997
R770,4,5.89969881579848,2.0,14.609000000000005
R770,5,6.1052785923753605,2.0,1.7049999999999983
R771,1,4.184720603359616,1.3057593417895097,14.585
R771,2,4.702771919252787,1.5570955106959927,16.595
R802,1,5.764133333333333,1.6946666666666668,7.5
R810,1,8.257707558859975,2.0991325898389097,8.07
R810,2,9.781318040435464,3.035381026438571,2.572000000000001
R812,1,6.375332217737965,2.041145782065164,10.158999999999999
R812,2,5.859858772406304,2.0445410103204784,1.841000000000001
R812,3,5.432786885245902,1.6639344262295082,1.2200000000000006
R812,4,5.910473077584724,2.0302769654223294,29.064999999999994
R813,1,9.12886323268206,2.698638247483718,3.378
R820,1,6.249288464758078,2.1004520341536916,5.973
R820,2,5.5,2.0,4.1930000000000005
R820,3,5.700608055435252,2.0,11.544999999999998
R820,4,5.674164924506389,2.0,4.305
R820,5,5.728934885184019,2.0,15.895000000000003
R820,6,5.587802083333334,2.0,7.68
R820,7,5.556131019944868,2.0,6.167000000000002
R820,8,5.7758684178225055,2.0088376089358033,16.29399999999999
R850,1,5.2695070791819605,1.558730991085475,19.07
R850,2,5.580898876404496,1.558988764044944,16.020000000000003
R850,3,7.207715133531159,1.9925816023738876,3.3699999999999974
R850,4,5.4,1.5,6.369999999999997
R860,1,6.0127500000000005,2.015,6.0
R860,2,6.96068308181096,2.0154884829229545,2.517999999999999
R860,3,5.602399208508534,2.0,4.043000000000001
R860,4,6.702286860581747,2.2862587763289874,9.969999999999999
R860,5,6.274179790026246,2.0,6.096
R860,6,5.512087381398784,2.0,35.20199999999999
R860,7,5.538685793614063,2.003701989819527,10.805000000000007
R861,1,5.516294901506373,2.004345307068366,6.904
R870,1,5.588408644400786,2.0,9.671
R870,2,5.653846153846154,2.0,5.382
R870,3,5.6481655691439325,2.0,14.882
R870,4,5.0290446676640315,1.643371090688894,14.037000000000003
R870,5,5.5,2.0,7.5519999999999925
R870,6,5.5,2.0,2.3870000000000076
R870,7,5.5,2.0,9.345999999999997
R870,8,5.5,2.0,0.9949999999999974
R880,1,7.669128308885516,2.0084302815714046,11.862
R880,2,7.6000000000000005,2.0,9.681000000000003
R880,3,7.3972086899275835,2.0,7.594999999999999
R880,4,4.1869192537635955,1.2219260966649859,13.883
R880,5,5.315109782009917,1.6506649878019994,12.707
R881,1,6.003309058701964,2.0,40.646
R890,1,5.499999999999999,2.0,12.872
R890,2,5.5,2.0,4.013000000000002
R890,3,5.496967859308672,1.9969678593086722,24.734999999999996
R890,4,5.499999999999999,2.0,11.420000000000002
R890,5,5.5,2.0,20.740000000000002
R890,6,5.525710612769604,2.0,35.004999999999995
Z1001,1,3.9,1.0,11.165
Z1002,1,3.6,1.0,3.15
Z1002,2,4.071125098347758,1.1308680828743771,3.8129999999999993
Z1004,1,3.7733040614709106,1.0292718624222466,27.33
Z1005,1,3.6618332543818095,1.0,42.22
Z1007,1,3.6571224555046364,1.0,18.766
Z1008,1,4.778897418004187,1.597976273551989,14.33
Z1009,1,4.38190770962296,1.2581598199212156,14.216
Z1012,1,3.679566296058072,1.0,10.883
Z1012,2,3.482895272562769,1.0,4.421000000000001
Z1013,1,3.598513344973809,1.0,20.045
Z1016,1,5.803085543329447,1.6533897875361292,19.721
Z1017,1,3.660873421123354,1.02252082773448,18.605
Z1018,1,6.322423867293884,1.8947759346372866,8.078
Z1019,1,4.995677045619115,1.6922519913106444,6.905
Z1019,2,3.7570780547609313,1.0,12.235
Z1021,1,3.61708427672956,1.0,19.875
Z1022,1,3.6855592347314206,1.0077262693156732,13.59
Z1026,1,3.636599046556446,1.0,19.718
Z1028,1,3.7,1.0,13.28
Z1029,1,3.6500000000000004,1.0,2.381
Z1029,2,3.605314474045592,1.0,10.923
Z1030,1,3.6841012658227847,1.0182278481012659,9.875
Z1030,2,3.7,1.0,7.797000000000001
Z1030,3,3.7,1.0,5.058
Z1031,1,5.048201438848921,1.5035971223021583,1.39
Z1031,2,5.56541737649063,2.0,2.9350000000000005
Z1031,3,8.47444234404537,2.4234404536862004,2.6449999999999996
Z1031,4,15.225531914893619,4.0,0.23500000000000032
Z1031,5,13.372924988903685,3.7869507323568574,2.253
Z1031,6,10.743824701195217,2.7357237715803455,0.7530000000000001
Z1031,7,6.222770700636943,2.0,4.396000000000001
Z1031,8,5.711768237766436,1.9909936955869107,6.662000000000001
Z1031,9,5.6,2.0,0.5669999999999966
Z1031,10,5.673700262429959,1.896269238953117,14.099000000000004
Z1032,1,4.315979175010012,1.3904685622747297,4.994
Z1032,2,3.5441670667306773,1.0122419587133942,6.2490000000000006
Z1033,1,5.259793148028442,1.5996552467140701,9.282
Z1033,2,5.817401101652479,1.917459522617259,11.982
Z1033,3,4.861313868613138,1.595118613138686,4.384000000000004
Z1034,1,10.664177978883862,3.0369532428355956,2.6519999999999997
Z1034,2,5.756536536536537,2.0,9.990000000000002
Z1034,3,5.921201573849879,2.035562953995157,6.607999999999999
Z1034,4,4.257862826828344,1.556839712012126,10.555999999999997
Z1035,1,5.5369429692911565,2.0073885938582317,21.655
Z1036,1,3.5593749999999997,1.0,0.96
Z1036,2,3.5558085052202695,1.0,7.854
Z1037,1,3.6891870915032676,1.0302287581699345,12.24
Z1039,1,3.6995180362221225,1.0,13.362
Z1039,2,3.683738872403561,1.0,3.369999999999999
Z1040,1,5.397130044843049,1.5,6.69
Z1040,2,5.419275808936825,1.5000000000000002,3.245
Z1040,3,5.419005628517824,1.5,2.664999999999999
Z1040,4,5.410876288659794,1.5,3.880000000000001
Z1041,1,5.587429271972841,2.0,10.604000000000001
Z1041,2,5.5342430833478335,1.9195232295110491,22.988
Z1042,1,5.37332766680833,1.9226519337016572,23.53
Z1042,2,5.5855019455252926,1.964980544747082,12.850000000000001
Z1042,3,3.9063478628861596,1.0926787981379595,11.814999999999998
Z1043,1,5.6028836597486125,1.9751534638994446,13.684000000000001
Z1044,1,5.552309839497558,1.9665038381018842,28.66
Z1044,2,5.499999999999999,2.0,11.696000000000002
Z1045,1,4.671954707985697,1.543444576877235,8.39
Z1045,2,5.315394136303861,1.8522085557360564,12.926999999999996
Z1046,1,3.4,1.0,12.556
Z1046,2,3.4,1.0,6.882
Z1048,1,3.8053164659941427,1.093638138626749,12.292
Z1048,2,4.75355664083236,1.4235322221042574,18.838
Z1049,1,3.6197241379310343,1.0050574712643676,2.175
Z1049,2,3.717131979695432,1.033867385786802,6.303999999999999
Z1049,3,3.88369170622731,1.0966210555710696,10.743000000000002
Z1050,1,5.636805712138294,2.013528748590755,13.305
Z1051,1,3.7526621160409555,1.0273037542662116,1.465
Z1051,2,3.6500000000000004,1.0,2.895
Z1051,3,5.352792439979569,1.577217776264261,5.872999999999998
Z1052,1,5.514613180515759,2.0,3.49
Z1052,2,5.254034582132565,1.5000000000000002,3.4699999999999998
Z1052,3,3.7933713942307694,1.2124399038461537,16.64
Z1053,1,5.9515103338632755,2.002271178741767,17.612000000000002
Z1054,1,3.6,1.0,1.675
Z1057,1,3.677647058823529,1.0073529411764706,5.44
Z1059,1,3.8877360931435962,1.1058449958838055,8.503
Z1059,2,4.2480488707885975,1.1543872639763053,2.7010000000000005
Z1061,1,3.6568431929733918,1.0103332472229398,3.8710000000000004
Z1062,1,3.7472684310018907,1.059546313799622,10.58
Z1062,2,3.372097099755657,1.0,9.412999999999998
Z1063,1,3.71747824041402,1.023523876734886,17.004
Z1064,1,3.6003189493433396,1.0,2.1319999999999997
Z1065,1,3.9581106349824693,1.145792754187768,25.67
Z1066,1,5.032021474292793,1.407598595911625,4.843
Z1066,2,3.670115321252059,1.0,2.428
Z1069,1,4.376040476579076,1.3148359719275338,61.27
Z1070,1,3.726865515436944,1.0523286237571952,3.822
Z1070,2,3.609696502746884,1.0,14.926000000000002
Z1071,1,3.5,1.0,3.225
Z1076,1,3.6112481499753333,1.0744943265910214,20.27
Z1081,1,4.954337848427181,1.6968543602373223,8.933
Z1081,2,4.053530665043373,1.2046872622127531,13.142
Z1083,1,5.641142233539468,2.0100036376864314,2.7489999999999997
Z1084,1,5.53261229866984,1.8002634822149506,70.593
Z1086,1,3.5536363636363637,1.0,22.66
Z1087,1,3.4674409291149377,1.0,12.485
Z1088,1,3.6194662846481878,1.013592750533049,15.008
Z1089,1,5.4378293135436,1.5,0.539
Z1089,2,5.374651955216615,1.5028395262047702,6.163000000000001
Z1095,1,3.6960497292961705,1.032534589933828,19.948
Z1098,1,9.360682117891445,2.3885796309911425,85.689
Z1099,1,3.7,1.0,9.208
Z1101,1,6.712541768768099,1.872020494542214,4.489
Z1102,1,5.181228192602932,1.4898813677599443,7.165
Z1124,1,4.7785885039426255,1.4161522817283336,28.026999999999997
Z1125,1,5.566155929907728,2.0,11.812999999999999
Z1125,2,5.5,2.0,7.462
Z1126,1,3.998685,1.1475833333333334,12.0
Z1126,2,3.64882612533098,1.0,6.797999999999998
Z1127,1,4.434787566672798,1.2147323891852124,10.874
Z1128,1,3.678037012557832,1.0009914077990747,7.565
Z1129,1,3.6943181818181823,1.0,4.4
Z1130,1,3.76177304964539,1.1161347517730498,5.64
Z1130,2,3.9357374583736173,1.2675636480825008,18.618000000000002
Z1131,1,4.187397096243077,1.2687471935339023,6.681
Z1132,1,3.68112666740161,1.0420295447028993,18.142
Z1133,1,3.6659887593671945,1.0,9.607999999999999
Z1134,1,3.725688073394495,1.0367683664035277,14.061
Z1201,1,3.9667332382310994,1.1676176890156922,7.01
Z1201,2,4.7942264150943386,1.5050943396226413,2.6500000000000004
Z1202,1,3.959007421150278,1.1263450834879407,10.78
Z1202,2,5.488110825344868,1.9915828851999067,4.277000000000001
Z1205,1,5.5,2.0,0.16
Z1205,2,5.507107231920199,2.0,4.01
Z1205,3,4.483994252873564,1.424137931034483,17.4
Z1206,1,4.637370062370062,1.5311850311850315,28.86
Z1210,1,3.701666666666666,1.0146520146520148,13.65
Z1216,1,5.505665722379604,2.0,10.59
Z1219,1,3.6573623853211004,1.0027522935779816,8.72
Z1219,2,3.281647435897436,1.0044871794871795,7.799999999999999
Z1220,1,3.709568684305908,1.022109459949257,16.554000000000002
Z1221,1,5.330588235294118,1.9024542267238023,25.67
Z1401,1,5.4943151910727455,1.9905253184545741,9.499
Z1401,2,3.773547482302658,1.0667824228663016,7.487
Z1401,3,3.2190401974154166,1.0,15.398999999999997
Z1402,1,5.242205839201879,1.8237602699530522,13.632
Z1402,2,4.6769236427835805,1.5477416507282624,6.797000000000002
Z1402,3,4.780555081127241,1.6025619128949615,23.419999999999995
Z1403,1,3.812108910891089,1.118811881188119,10.1
Z1405,1,8.766817010309278,2.109536082474227,1.5519999999999998
Z1405,2,6.091837907745366,2.0,6.959000000000001
Z1405,3,5.92515849297794,2.0348079946103748,57.88900000000001
Z1405,4,5.704386462469277,2.0,5.288999999999987
Z1407,1,4.041054497803129,1.1888537732213058,12.972999999999999
Z1407,2,3.672366834170854,1.0173869346733668,9.950000000000003
Z1407,3,4.243505311077391,1.3350531107739,6.59
Z1411,1,3.8213089802130886,1.142313546423135,19.71
Z1412,1,3.7341439304072757,1.0276789244760773,2.529
Z1412,2,3.361512958539803,1.0332608463156394,28.051
Z1413,1,4.701738088103086,1.5257716511836978,13.347999999999999
Z1414,1,5.8,2.0,8.02
Z1416,1,3.8,1.0,7.465
Z1416,2,3.8,1.0,1.4179999999999993
Z1417,1,3.6567460317460316,1.003968253968254,2.52
Z1417,2,3.4951498127340828,1.0,10.679999999999998
Z1420,1,3.7277991452991452,1.0042735042735043,11.7
Z1421,1,8.143153526970956,2.5477178423236517,0.9640000000000001
Z1421,2,5.600961538461538,2.0288461538461537,4.576
Z1421,3,5.5,2.0,8.782
Z1421,4,5.511144278606965,2.0,10.049999999999999
Z1422,1,5.600193072118116,1.989892106757524,17.61
Z1422,2,5.518626956082786,1.8750630994447244,19.810000000000002
Z1423,1,3.676727272727273,1.0090909090909093,13.2
Z1424,1,5.533310104529616,2.0043205574912895,28.7
Z1425,1,4.280808966861599,1.346166341780377,15.39
Z1426,1,3.985293019783501,1.1343784994400896,13.395
Z1429,1,3.6918975310073026,1.0280224875391213,17.254
Z1429,2,3.9694821356884775,1.092412685668406,12.454999999999998
Z1430,1,3.4767184265010354,1.0111801242236025,14.49
Z1430,2,4.051990145507737,1.1955500808376318,12.988999999999999
Z1432,1,4.463794289645682,1.189943813782823,8.721
Z1433,1,3.7200980392156864,1.0240196078431374,10.2
Z1434,1,4.423814573549462,1.4085239610160074,19.803
Z1436,1,4.0508771929824565,1.1719298245614036,8.55
Z1437,1,3.537901390644753,1.0,3.1639999999999997
Z1438,1,3.806017191977077,1.3060171919770773,17.45
Z1439,1,5.606277695716396,2.0,33.85
Z1441,1,6.0,2.0,3.1460000000000004
Z1441,2,5.735094998908059,2.0,18.316
Z1441,3,6.476221868606501,2.0,8.798000000000002
Z1443,1,3.784530676455165,1.034740429994756,7.627999999999999
Z1443,2,3.866589327146172,1.1481051817478733,5.1720000000000015
Z1444,1,5.725851285615011,2.034746351633079,5.756
Z1444,2,5.076568501920614,1.7526065483811963,10.934000000000001
Z1445,1,3.770517265289141,1.0471501872139786,14.422
Z1445,2,3.7,1.0,5.687999999999999
Z1448,1,3.8324557877813494,1.115889603429796,7.4639999999999995
Z1449,1,3.698094940662086,1.0124921923797627,1.601
Z1450,1,4.810535714285714,1.6946428571428571,1.12
Z1466,1,3.2962080173347776,1.0016251354279524,9.23
Z1472,1,3.804211418880724,1.079423403052572,8.845
Z1482,1,3.762607706064054,1.0573077548366119,12.302
Z1482,2,3.7594497068110058,1.0361975642760488,4.434000000000001
Z1504,1,3.592794909446892,1.0,2.043
Z1508,1,3.658447368421053,1.0092105263157896,38.0
Z1510,1,3.8028952042628763,1.0314387211367673,28.15
Z1601,1,3.2,1.0,13.835
Z1602,2,3.8243601852692772,1.0472709109072744,22.022
Z1603,1,3.765753719753519,1.000751465357447,19.961
Z1603,2,3.610976800976801,1.0,0.8190000000000026
Z1603,3,3.8043436426116846,1.0384879725085912,7.274999999999999
Z1603,4,3.6561493588537326,1.0,37.19899999999999
Z1604,1,3.884780341023069,1.0670010030090271,24.925
Z1606,1,3.6000000000000005,1.0,19.475
Z1608,1,3.6358338783518636,1.000436014824504,45.87
Z1610,1,3.6694901960784314,1.021078431372549,51.0
Z1612,1,3.604497066666667,1.0,37.5
Z1617,1,4.028748793824381,1.2508845287873915,15.545
Z1619,1,3.7629927785983925,1.0,24.372
Z1623,1,3.6705175781249992,1.0,10.24
Z1629,1,3.5684677419354833,1.0,12.4
Z1629,2,3.3691991786447644,1.0,2.4350000000000005
Z1636,1,3.6196676124848,1.0,14.802
Z1637,1,3.417194570135747,1.0,2.21
Z1703,1,3.676401225114855,1.0306278713629402,6.529999999999999
Z1802,1,3.61873786407767,1.0,2.06
Z1802,2,3.6086160235798506,1.0,7.463999999999999
Z1804,1,5.36047972587093,1.759565962307253,3.502
Z1811,1,3.7945365053322395,1.038282745419743,18.285
Z1811,2,3.6235297154899895,1.0,94.9
Z1811,3,3.669357361627652,1.0,73.136
Z1811,4,3.7915665033911075,1.080444611906556,10.616000000000014
Z1812,1,3.714627064464571,1.0083244539158231,30.031999999999996
Z1813,1,3.8833260000000003,1.1273000000000002,50.0
Z1814,1,4.349347573317256,1.2847637913957195,23.221
Z1824,1,4.835010744985674,1.6106733524355301,2.792
Z1824,2,3.7405686871050787,1.02730322178017,12.818999999999999
Z2002,1,5.5485791746159245,1.8092177929510997,19.918
Z2002,2,5.463532002125882,1.6507478551362842,13.171
Z2003,1,4.173643672616176,1.1853727823337084,18.657
Z2003,2,5.5080716069199225,1.5944132334581773,22.428
Z2008,1,5.5860406885759,2.0,12.78
Z2009,1,5.6654044750430295,2.0,2.905
Z2011,1,4.61056956644942,1.4479213051046431,24.703000000000003
Z2012,1,5.4413230769230765,1.696,16.25
Z2013,1,3.739229387103214,1.1316630065881417,25.045
Z2014,1,6.107919172480154,1.9571806591291798,4.157
Z2016,1,5.3897877358490565,1.5325471698113207,16.96
Z2020,1,4.080468076370355,1.1253336070622049,9.742
Z2031,1,3.834942857142858,1.2027619047619047,21.0
Z2032,1,3.534460999123575,1.0,5.705
Z2034,1,3.770203359858532,1.0920645446507515,22.62
Z2035,1,3.566839710312119,1.0019227071716976,15.603
Z2036,1,3.5860387261507913,1.0,14.099
Z2037,1,4.638466837236765,1.2367644164534544,5.081
Z2037,2,3.2942710706150344,1.0,7.024
Z2038,1,3.408939945404914,1.0,4.396
Z2039,1,5.398451730418944,1.6994535519125682,4.3919999999999995
Z2039,2,5.55570582174137,2.003219989696033,7.763999999999999
Z2041,1,5.587542067307692,1.9885817307692308,8.32
Z2042,1,3.9058626271970396,1.0744680851063833,8.648
Z2044,1,5.612659423712802,2.028341993386868,6.351
Z2044,2,5.280321649925197,1.7803216499251977,18.715999999999998
Z2045,1,5.5,2.0,7.537999999999999
Z2045,2,5.5,2.0,7.3610000000000015
Z2045,3,5.500000000000001,2.0,3.8709999999999987
Z2047,1,5.185748938750759,1.4548211036992116,1.649
Z2047,2,3.988318374730398,1.163640158630766,14.373000000000001
Z2049,1,4.212927161334242,1.1598593147265712,4.407
Z2115,1,3.6273633748801535,1.0,4.172
Z2121,1,3.9573810415886093,1.1519920069938805,8.007
Z2122,1,3.595695210966708,1.0,5.617000000000001
Z2122,2,3.5558431293068504,1.0,4.9339999999999975
Z2123,1,3.1188806473364803,1.0,7.415
Z2403,1,5.809507803121249,2.056422569027611,16.66
Z2403,2,5.589867647058823,2.0,2.719999999999999
Z2405,1,3.6709547678720607,1.0380713688984364,16.758
Z2801,1,6.812810008857396,2.0,22.58
Z2801,2,5.6390048605781535,2.0,7.818000000000005
Z2802,1,5.5712550607287445,1.9797570850202428,12.35
Z2802,2,3.642885756676558,1.0,13.479999999999999
Z2804,1,4.679295753362551,1.5440531963125281,13.234000000000002
Z2804,2,3.7,1.0,2.905999999999999
Z2805,1,3.6248998101666317,1.0,18.964000000000002
Z2806,1,4.190882352941177,1.4591176470588234,17.0
Z2807,1,5.560219565217391,1.707608695652174,46.0
Z2809,1,8.924749728621396,2.506573392835605,8.291
Z2810,1,3.4309696008017365,1.0,11.974
Z2811,1,3.7544432984094245,1.0863145323272354,18.421
Z2812,1,3.0,1.0,5.104
Z2813,1,6.0,2.0,5.25
Z2822,1,3.848368333333333,1.1191250000000001,24.0
Z2823,1,3.8724352100089363,1.0848972296693478,22.38
Z2831,1,3.657284675258389,1.0,15.674000000000001
Z2832,1,3.553626720545523,1.0,15.838
Z2834,1,3.324207642940491,1.045598016336056,171.4
Z3003,1,5.253527610392177,1.5019756989034871,10.123
Z3005,1,4.431408573928259,1.5161854768153982,3.429
Z3007,1,3.7956182514803203,1.0,5.742000000000001
Z3008,1,4.335075412136093,1.1841459137144863,2.8510000000000004
Z3008,2,3.9361498708010343,1.1242894056847543,3.8699999999999997
Z3009,1,4.818921130952381,1.3050595238095237,5.376
Z3010,1,4.236467631925332,1.2420126839775036,8.357000000000001
Z3024,1,5.080201342281878,1.8152388472167391,25.33
Z3025,1,3.872268921225917,1.0959271603934642,12.300999999999998
Z3025,2,3.630380170316302,1.0,13.152000000000005
Z3030,1,3.9171837251217543,1.1026575142846187,26.076999999999998
Z3031,1,4.433899854862119,1.2219158200290274,20.67
Z3032,1,3.81620026478991,1.0400320535154346,28.701999999999998
Z3033,1,9.00368932038835,2.9611650485436893,0.927
Z3033,2,3.930791570602273,1.0724426647251546,24.723
Z3033,3,3.97697608558842,1.092550346129641,12.711999999999996
Z3033,4,3.8727263699237464,1.0734704734882075,28.195000000000007
Z3034,1,3.7209992486851995,1.044327573253193,13.31
Z3034,2,3.983483057525611,1.1073680063041764,5.075999999999999
Z3034,3,3.60322649119083,1.0,4.7109999999999985
Z3035,1,6.195679886685552,2.0,2.824
Z3035,2,5.707160135462021,2.007256894049347,16.536
Z3037,1,5.407673211923899,1.5244175399328517,49.145
Z3037,2,4.019145936981758,1.1610696517412937,12.059999999999995
Z3040,1,3.7665588914549653,1.0874649894354087,20.351
Z3601,1,4.6904036865365955,1.5382397326722002,37.108000000000004
Z3602,1,3.888560316994424,1.0731948928676254,27.256
Z3603,1,5.543896678966789,1.8538745387453874,33.875
Z3604,1,5.200540910647038,1.808284833960972,2.9210000000000003
Z3604,2,5.540453136011275,2.0,14.19
Z3607,1,5.55507228620436,1.9502572898799313,16.324
Z3608,1,4.257942597328786,1.1925736478166145,21.114
Z3609,1,3.85475,1.1,4.0
Z3615,1,3.634677827346732,1.0,21.743000000000002
Z3616,1,4.938974691758597,1.681375730045425,15.41
Z3701,1,6.361656441717791,2.0,1.63
Z3701,2,4.195142883912677,1.5456760048721077,53.364999999999995
Z3703,1,3.9527148353997434,1.1762861621775687,21.051
Z3704,1,5.880611686107004,1.8866436668309512,36.522
Z3706,1,4.230149687220733,1.2571492403932083,26.855999999999998
Z3707,1,4.034,1.21231884057971,13.8
Z3707,2,4.043878536922015,1.1837474120082818,28.98
Z3709,1,4.504833076923076,1.2908076923076923,26.0
Z3710,1,4.305449896998233,1.3840494408475572,27.184
Z3711,1,3.7200000000000006,1.0,20.29
Z3711,2,3.9027336205615817,1.102659337394147,6.731000000000002
Z3712,1,4.6824814997533295,1.5409472126295016,20.27
Z3713,1,5.3986217810387,1.5071932096101281,6.9510000000000005
Z4007,1,4.987460960092539,1.3860613071139387,6.916
Z4007,2,3.6229267288693743,1.0,7.288
Z4009,1,3.9,1.0,13.31
Z4011,1,5.432414102181058,1.8009411413205854,26.776
Z4012,1,4.795078515346181,1.5968950749464668,22.416
Z4015,1,3.6382584626554126,1.0,11.019
Z4016,1,4.259615132298273,1.2628471462934616,22.865
Z4017,1,4.412471217478015,1.288505121929109,22.061999999999998
Z4019,1,5.51830459770115,2.0,11.136
Z4021,1,6.442137014693363,1.9554757763055626,27.019000000000002
Z4021,2,4.228547827523542,1.343218238889807,12.105999999999998
Z4022,1,3.9437929824561415,1.0589473684210526,28.5
Z4023,1,5.659863547758285,2.0,7.695
Z4023,2,5.672511833385927,2.0,15.844999999999999
Z4025,1,4.175244776119403,1.212597014925373,16.75
Z4101,1,5.62665799739922,2.0,15.38
Z4101,2,5.607616487455196,2.0,22.32
Z4104,1,3.6660037199415436,1.0,15.054
Z4105,1,3.6271336678245207,1.0009648784253182,15.546
Z4602,1,5.784696273608985,2.0085077420452615,11.754000000000001
Z4603,1,4.073021582733814,1.390287769784173,13.9
Z4604,1,4.012202495201535,1.1019673704414585,12.504000000000001
Z4605,1,5.5926573426573425,2.0116550116550114,8.58
Z4605,2,5.781321473951717,1.8462515883100383,3.9350000000000005
Z4606,1,3.7184037648866695,1.019208605455244,26.03
Z4606,2,4.161472602739727,1.1738013698630139,2.919999999999998
Z4606,3,3.693583558946591,1.0,8.126000000000001
Z4606,4,3.7425894586604143,1.0634621266184119,19.617999999999995
Z4606,5,3.9774829616886116,1.100906504334017,30.226000000000006
Z4607,1,5.9905311778291,2.0,2.165
Z4607,2,4.638611394992334,1.3235500766479305,15.655999999999999
Z4607,3,4.34669241663448,1.1755504055619932,7.767000000000003
Z4609,1,5.526685393258426,2.0056179775280896,1.78
Z4610,1,5.665286956521738,2.0114347826086956,11.5
Z4614,1,4.135984906822732,1.2629370090867087,12.985999999999999
Z4615,1,3.855217945133128,1.028582968279119,32.187
Z4616,1,4.2127921911122534,1.2322116619573593,19.465
Z4617,1,4.151805970149253,1.234328358208955,3.3500000000000005
Z4619,1,3.8347904842410334,1.0,8.281
Z4622,1,5.52497421794431,1.9967342729460296,2.909
Z4801,1,5.6780124843945075,2.0,20.025
Z4801,2,5.90356048336863,2.0,8.027000000000001
Z5001,1,7.0,2.0,0.97
Z5001,2,3.8380233874009813,1.137683892870615,26.509999999999998
Z5002,1,7.3879592579119695,2.1422335394688976,27.49
Z5002,2,7.3904972375690585,2.1237569060773476,9.05
Z5002,3,5.629705304518663,2.0031434184675834,12.725000000000001
Z5002,4,4.155328185328186,1.373745173745174,12.950000000000003
Z5002,5,5.243816469158309,1.8691886964448496,16.455
Z5003,1,8.530217849613493,2.0028109627547437,21.345
Z5003,2,6.964093795798731,2.0,10.235
Z5004,1,4.297024978950323,1.5599214145383105,17.815
Z5005,1,4.238574748257165,1.5174928995610637,15.492000000000003
Z5006,1,5.5,2.0,1.06
Z5006,2,5.153145596165367,1.7908927501497902,33.38
Z5007,1,4.608164354322305,1.4450373532550693,9.37
Z5008,1,4.045674695674696,1.1155141155141157,19.305
Z5008,2,3.8,1.0,8.195
Z5010,1,4.967892156862745,1.6042483660130717,6.12
Z5010,2,3.862374916611074,1.0,4.497000000000001
Z5010,3,5.864103314553303,1.9494036730811446,13.667000000000002
Z5010,4,5.31409220013109,1.8620275289490935,4.576999999999998
Z5011,1,7.407224409448819,2.032283464566929,12.7
Z5014,1,7.424198250728862,2.1807580174927113,3.43
Z5015,1,3.801488265598168,1.000744132799084,17.47
Z5015,2,4.251614785992218,1.2759727626459143,10.280000000000001
Z5018,1,4.375963364993216,1.4512381275440975,29.48
Z5020,1,4.2231302818621455,1.4251135753016464,20.471
Z5021,1,4.1414404519064805,1.2008473246508709,31.865
Z5022,1,4.261761032472939,1.5151436303080763,9.607999999999999
Z5023,1,5.685247148288974,1.9243346007604563,13.15
Z5024,1,3.7999999999999994,1.0,8.19
Z5025,1,7.444416243654823,2.0158629441624365,3.1519999999999997
Z5025,2,5.969714015039373,1.9881579726449166,16.889000000000003
Z5025,3,6.688378033205619,2.0,3.914999999999999
Z5025,4,5.876315789473685,2.0,4.940000000000001
Z5025,5,5.822727272727268,2.0,1.3199999999999967
Z5025,6,5.636481241914619,2.036222509702458,7.73
Z5025,7,4.937984178941626,1.518071467539553,14.664000000000001
Z5025,8,5.399926013613495,1.5876738680082867,13.516000000000005
Z5029,1,3.8265339966832506,1.0663349917081262,12.06
Z5032,1,6.37012987012987,2.2175324675324677,3.08
Z5032,2,5.514507772020726,2.0,5.789999999999999
Z5032,3,5.536516034985423,2.0,13.72
Z5034,1,3.878245406046236,1.039122703023118,16.87
Z5035,1,4.693559322033899,1.5498789346246973,41.3
Z5039,1,4.747536704730833,1.5673735725938007,30.65
Z5040,1,5.447916666666666,1.9710648148148149,8.64
Z5040,2,3.8705479452054794,1.0739726027397258,7.299999999999999
Z5041,1,3.9069478908188584,1.4069478908188584,16.12
Z5042,1,5.541997200186654,2.008399440037331,21.43
Z5043,1,3.824052718286655,1.060680944535969,18.21
Z5046,1,3.759492273730685,1.0438741721854303,18.12
Z5046,2,3.7,1.0,7.529999999999998
Z5047,1,3.816748232735182,1.16721044045677,18.39
Z5048,1,3.5999999999999996,1.0892939547761884,21.67
Z5049,1,3.7287378640776705,1.0300970873786408,25.75
Z5050,1,5.50874524714829,2.0,2.63
Z5051,1,3.5613733905579403,1.0066762041010966,10.485
Z5053,1,4.320928116469519,1.245677888989991,10.99
Z5054,1,3.869622944622945,1.137025137025137,10.582
Z5055,1,6.0,2.0,21.980999999999998
Z5058,1,5.384488044144697,1.9215205395462907,16.31
Z5059,1,5.3298803798248855,1.8705142434332225,16.218
Z5060,1,3.8487503590922154,1.1743751795461075,17.405
Z5061,1,5.414673549373865,1.5023898288882516,10.460999999999999
Z5061,2,5.516062127392533,1.690618136178224,19.122000000000003
Z5062,1,5.380110822919123,1.5,4.2410000000000005
Z5063,1,5.461208928757692,1.5751017002190466,9.587
Z5063,2,5.497780470914127,1.8938711911357342,2.888
Z5064,1,5.2902907049282595,1.8134747348721147,16.03
Z5064,2,4.450503174229956,1.3351751704679051,8.505999999999997
Z5066,1,3.8166532149583,1.2207425343018563,14.868
Z5069,1,5.475195694716243,1.6286692759295498,10.22
Z5069,2,5.539476584022038,1.7052341597796143,7.26
Z5069,3,3.631583544660468,1.0073260073260073,7.0980000000000025
Z5072,1,4.485943279901357,1.372996300863132,16.22
Z5072,2,3.8699378881987583,1.0944099378881988,8.05
Z5072,3,3.6999999999999997,1.0,3.2300000000000004
Z5072,4,3.7,1.0,5.259999999999998
Z5072,5,5.4165378670788265,1.9536321483771253,19.410000000000004
Z5074,1,3.874,1.23,1.5
Z5075,1,4.368411258432193,1.3772388927657597,17.195999999999998
Z5075,2,4.3654522519848635,1.4838242932403356,26.954
Z5202,1,3.8641308967275823,1.1600084997875053,4.706
Z5202,2,4.047212735774706,1.444622497767036,19.033
Z5202,3,4.153042984820542,1.5331961980422755,7.0489999999999995
Z5202,4,3.938093952483801,1.0224082073434126,14.815999999999999
Z5207,1,3.9938247011952193,1.1005976095617531,5.02
Z5207,2,4.718067373819792,1.354717915841007,34.316
Z5209,1,3.6584487534626042,1.0363573407202216,14.44
Z5209,2,4.46995353639649,1.3495095508518327,19.37
Z5209,3,4.63534221683828,1.5216535433070868,16.509999999999998
Z5210,1,3.654186413902054,1.0,18.99
Z5210,2,3.460209665721633,1.0,15.166999999999998
Z5211,1,4.858471385542169,1.4209337349397588,13.28
Z5211,2,3.9363760217983668,1.115463215258856,14.680000000000001
Z5401,1,7.64705882352941,2.0309597523219813,1.2919999999999998
Z5401,2,6.172211660329531,2.0,9.468
Z5401,3,6.1,2.0,1.6400000000000006
Z5401,4,5.864340949443975,2.002196056443323,42.803999999999995
Z5402,1,6.345079594790159,2.0,6.91
Z5402,2,3.7542447861807458,1.0330735201179693,4.747
Z5403,1,3.7750134048257373,1.1407506702412868,3.73
Z5403,2,3.660000000000001,1.0,4.48
Z5403,3,3.7970641137220773,1.0945749927473163,10.340999999999998
Z5404,1,3.9945995785036885,1.1965226554267654,15.184000000000001
Z5405,1,3.4755818353831596,1.0,21.14
Z5406,1,5.533429908624916,2.0,4.487
Z5406,2,5.5,2.0,2.5469999999999997
Z5406,3,3.6622583282239933,1.0033210709176372,9.786000000000001
Z5408,1,3.4605576679340944,1.0,7.89
Z5409,1,5.6,2.0,4.1
Z5409,2,5.584388185654007,2.0,7.110000000000001
Z5409,3,5.500000000000001,2.0,7.292999999999999
Z5409,4,5.236468500443657,1.853593611357587,1.126999999999999
Z5410,1,4.0868,1.145,16.0
Z5452,1,4.573791191869418,1.462888820449646,16.235
Z5452,2,3.6999999999999997,1.0,10.085
Z5456,1,4.7595576097722025,1.461208319577418,15.145
Z5456,2,3.890617454294584,1.1058985857192136,14.495000000000001
Z5456,3,3.8323682686740024,1.0735379270411123,8.634999999999998
Z5463,1,4.317375886524822,1.5101950354609928,5.64
Z5463,2,4.037357122943964,1.141622525787566,17.935
Z5464,1,4.331307929969104,1.3892893923789909,9.71
Z5467,1,3.9135253600500937,1.0059486537257356,7.985
Z5469,1,3.740046199076019,1.0205795884082316,23.81
Z5471,1,3.87214514407684,1.0202774813233726,9.37
Z5471,2,3.543230897009967,1.0,12.040000000000001
Z5472,1,3.8466830466830473,1.113841113841114,12.21
Z5476,1,4.280351906158358,1.1715542521994136,3.41
Z5501,1,5.196815337718595,1.80426760789347,12.466
Z5503,1,5.913111432706223,2.0127351664254705,3.455
Z5503,2,5.8,2.0,6.449999999999999
Z5503,3,5.809197751660705,2.0,9.785000000000002
Z5503,4,5.8,2.0,2.134999999999998
Z5504,1,5.676216662084135,2.0,7.274
Z5505,1,5.680272108843536,2.0361394557823127,9.408
Z5507,1,3.8205607476635515,1.0628245067497404,9.63
Z5508,1,5.6,2.0,1.564
Z5508,2,3.827608598298253,1.0153381101656962,8.931999999999999
Z5508,3,3.8,1.0,5.050000000000001
Z5508,4,4.731900703964432,1.730826231937755,2.6990000000000016
Z5509,1,3.302662835249042,1.0026819923371648,10.44
Z5509,2,4.6222774708410075,1.4040208717004297,16.29
Z5509,3,5.30752688172043,1.7473118279569895,4.649999999999999
Z5551,1,3.7953714285714284,1.0025714285714284,7.0
Z5552,1,3.785228070175439,1.026140350877193,28.5
Z5553,1,4.03976764968722,1.133154602323503,11.19
Z5554,1,4.524137931034483,1.539655172413793,2.9
Z5554,2,4.52952560240964,1.3081701807228918,26.56
Z5555,1,4.5236598890942705,1.4399260628465804,5.41
Z5555,2,5.599999999999999,2.0,1.7400000000000002
Z5559,1,3.093333333333333,1.0,1.2000000000000002
Z5561,1,4.096213256484151,1.2002881844380404,17.35
Z5611,1,3.9022966507177035,1.0014354066985647,10.45
Z5612,1,4.884378378378377,1.6356756756756756,9.25
Z5613,1,5.715766233766233,2.0,7.700000000000001
Z5613,2,5.699557667103539,2.0,12.208000000000002
Z5613,3,5.553397216983536,2.0,39.238
Z5614,1,4.631631016042782,1.2958556149732618,7.48
Z5616,1,3.797262536873156,1.0383185840707965,16.95
Z5616,2,3.9145993413830964,1.2145993413830962,1.8220000000000027
Z5617,1,3.8074458346048212,1.0024412572474823,16.385
Z5617,2,3.8,1.0,2.544999999999998
Z5621,1,5.585554965480616,2.0,18.83
Z5621,2,5.317713004484304,1.7957847533632283,11.150000000000002
Z5622,1,5.947968686732352,2.0150267692446127,22.226999999999997
Z5622,3,5.53705181586861,1.9792100393245433,17.292
Z5623,1,3.7847723793865864,1.06360904813198,17.639
Z5624,1,4.095709131950742,1.1878186911743958,49.617
Z5701,1,5.0797579757975795,1.5154015401540155,1.8179999999999998
Z5701,2,3.9466370395692674,1.0824288522348517,11.700999999999999
Z5701,3,4.0,1.5000000000000002,7.5009999999999994
Z5703,1,4.469278779472955,1.6058714748035137,21.63
Z5703,2,4.576210235131397,1.6175656984785616,7.23
Z5706,1,5.776923076923077,2.0,3.7700000000000005
Z5706,2,4.271474230922892,1.2819017179384737,25.03
Z5707,1,11.6,2.9999999999999996,0.74
Z5707,2,8.847620491057897,2.53349499848439,3.2989999999999995
Z5707,3,5.6896477936498755,2.0,17.290999999999997
Z5709,1,3.976380368098159,1.3696319018404908,3.26
Z5709,2,4.219955357142857,1.5,4.48
Z5801,1,7.48,2.0285714285714285,1.05
Z5802,1,5.388595166163143,1.8032477341389728,13.24
Z5803,1,3.516651665166517,1.0066606660666066,11.11
Z5804,1,3.9396264176117413,1.0563709139426285,14.99
Z5804,2,3.5,1.0,1.459999999999999
Z5851,1,4.431677018633541,1.25879917184265,9.66
Z5851,2,3.5,1.0,12.98
Z5852,1,4.210951327433628,1.3711283185840706,9.04
Z5854,1,5.409776833156218,1.5244420828905418,9.41
Z5855,1,3.872972972972973,1.0566280566280566,7.77
Z5855,2,3.9412107623318384,1.0838565022421525,22.3
Z5856,1,4.361014415376402,1.2630005339028296,9.365
Z5856,2,4.576411872865774,1.2674809561334384,19.035
Z5857,1,6.110879120879121,1.794871794871795,13.65
Z5857,2,9.417821782178217,2.1930693069306932,8.08
Z5901,1,4.4938265895953755,1.3981502890173412,8.65
Z5902,1,5.188669399925457,1.813082370480805,5.3660000000000005
Z5903,1,5.5,2.0,0.925
Z5903,2,3.792535662299854,1.027627365356623,17.175000000000004
Z5904,1,6.132911392405063,2.0253164556962027,1.58
Z5904,2,6.0,2.0,0.6299999999999999
Z5907,1,4.182612456747405,1.2197231833910034,11.56
Z6004,1,5.510295508274231,2.0,16.92
Z6004,2,3.8903242955874524,1.0967570441254648,9.404999999999998
Z6005,1,4.478821989528795,1.4210732984293193,22.92
Z6006,1,5.701725746268656,2.034981343283582,8.576
Z6006,2,5.5,2.0,18.395
Z6006,3,5.522502153316105,2.0020815389032443,13.931999999999999
Z6006,4,6.434304518821734,2.106509350670198,12.458999999999996
Z6010,1,4.67239263803681,1.5368098159509203,4.89
Z6010,2,3.705239179954442,1.0,19.755
Z6011,1,5.075129432450912,1.7639933574289342,20.474
Z6011,2,4.169362363919128,1.3367029548989109,1.2860000000000014
Z6014,1,6.035000000000001,2.1180203045685277,7.88
Z6014,2,5.782287822878228,2.0,10.84
Z6015,1,5.298661863098302,1.5591868244981988,9.715
Z6015,2,5.301192250372579,1.905365126676602,3.3550000000000004
Z6015,3,4.5,1.5,1.9800000000000004
Z6015,4,4.570440251572328,1.489937106918239,7.949999999999999
Z6017,1,3.49083787365631,1.000368134295391,13.582
Z6018,1,3.7063882063882065,1.0024570024570023,8.14
Z6019,1,3.5610352941176475,1.0171764705882353,10.625
Z6019,2,4.926373626373627,1.5219780219780221,10.920000000000002
Z6020,1,3.9386480908152732,1.1357069143446852,9.69
Z6021,1,5.700121654501217,2.057177615571776,3.2880000000000007
Z6021,2,5.5,2.0,3.412
Z6021,3,5.483209738351756,1.91604869175878,7.147000000000001
Z6021,4,5.5,2.0,5.143999999999998
Z6021,5,5.5,2.0,3.003
Z6021,6,5.5,2.0,16.458
Z6022,1,4.883124629080119,1.4168545994065282,16.85
Z6024,1,5.536559139784946,2.0013440860215055,11.16
Z6026,1,5.515824175824176,2.002637362637363,11.375
Z6026,2,5.6859177215189876,2.0,7.584
Z6026,3,5.42132466728567,1.898792943361188,3.2310000000000016
Z6028,1,3.6635775127768317,1.002129471890971,11.74
Z6029,1,4.724816694867457,1.5163564579808237,17.73
Z6030,1,5.729506676557864,2.0278189910979227,10.784
Z6031,1,3.6692943750000007,1.01875,32.0
Z6032,1,3.5636904761904757,1.0119047619047619,8.4
Z6033,1,4.587822132390095,1.5214754926730671,9.895
Z6034,1,4.849943587814968,1.7124858969537424,2.659
Z6802,1,4.717588932806324,1.592094861660079,12.65
Z6802,2,5.802123552123552,1.787644787644788,2.59
Z6802,3,5.5,2.0,6.049999999999999
Z6802,4,4.4481012658227845,1.3291139240506333,1.5800000000000018
Z6802,5,3.758517887563884,1.0694207836456557,11.739999999999998
Z6803,1,5.422641509433962,1.868972746331237,11.925
Z6805,1,3.902664844550735,1.1226511786812436,29.27
Z6806,1,6.590625000000001,1.7695312499999998,3.2
Z6806,2,5.448418491484185,1.81375801813758,22.605
Z6809,1,4.87890545823078,1.6022875343854062,6.907
Z6809,2,3.7999999999999994,1.0,6.808
Z6809,3,3.714405842000442,1.0055321973888027,22.595000000000002
Z6810,1,5.3988,1.936,2.5
Z6813,1,5.545809913132346,1.9573326520183958,19.57
Z6813,2,5.365470852017938,1.7757847533632287,2.2300000000000004
Z6813,3,5.510879419764279,2.0,11.029999999999998
Z6813,4,5.5,2.0,10.090000000000003
Z6813,5,4.2665296535525545,1.3100411039342337,17.03
Z6816,1,4.591984732824429,1.3692748091603055,5.24
Z6817,1,3.812713178294574,1.0393798449612401,16.125
Z6818,1,4.999689119170984,1.4922279792746114,4.825
Z6819,1,3.7106472919418763,1.003434610303831,7.57
Z6851,1,4.448402182385035,1.4123148869836324,12.83
Z6852,1,5.513225626740947,1.9920891364902504,17.95
Z6852,2,3.7271439811172304,1.011801730920535,25.419999999999998
Z6852,3,3.723529411764707,1.0130718954248368,7.650000000000006
Z6853,1,3.7627592425608665,1.0135256988277728,11.09
Z6853,2,3.8595788604459127,1.0299339388934765,12.11
Z6855,1,3.5794011241036245,1.0038762193940178,15.479000000000001
Z6855,2,3.8635432953614774,1.015784379420743,13.431
Z6856,1,3.837998253275109,1.1020786026200873,28.625
Z6856,2,3.85252581635501,1.0512140664247835,17.915
Z7001,1,5.310484365419987,1.6609442060085837,29.358
Z7001,2,5.590916161144812,1.9772904028620315,6.4289999999999985
Z7001,3,5.6,2.0,8.343000000000004
Z7002,1,4.421765082072053,1.4009806011511403,4.691
Z7007,1,3.7694765672550217,1.0228241022519782,16.43
Z7008,1,4.061247947454844,1.2468527640941434,9.135
Z7008,2,3.714318471337579,1.0086624203821657,27.474999999999998
Z7011,1,5.376693863072011,1.9043987229514014,14.095
Z7012,1,5.345263675718221,1.8540535222353405,25.41
Z7021,1,3.774740996546621,1.0315737543167243,20.27
Z7021,2,3.966800847457627,1.1156779661016947,9.440000000000001
Z7023,1,5.937916219119226,2.021482277121375,4.655
Z7023,2,5.001416507763553,1.7230091709797508,44.052
Z7024,1,3.756180315263361,1.0624759707804692,10.404000000000002
Z7024,2,3.7703098664592236,1.0377285103072729,15.425999999999997
Z7030,1,5.996794871794872,2.032051282051282,3.12
Z7030,2,3.816432524478502,1.046232439335888,23.49
Z7031,1,5.151289364230541,1.8048128342245988,16.83
Z7040,1,3.7406781983216306,1.0346977222127076,29.195
Z7041,1,3.774157303370787,1.0224719101123596,0.445
Z7041,2,3.893609898107715,1.2052401746724892,3.4349999999999996
Z7041,3,4.476597836774829,1.4314432426526824,18.305999999999997
Z7043,1,3.947671994440584,1.1170952050034746,28.78
Z7045,1,3.6259618752188927,1.0475308950818032,19.987000000000002
Z7047,1,3.7002192982456132,1.0003654970760234,13.68
Z7050,1,18.0,4.0,1.0
Z7054,1,4.145173913043478,1.2473188405797102,13.8
Z7057,1,3.704450619318985,1.0014128950218997,21.233
Z7057,2,3.6999999999999997,1.0,12.205000000000002
Z7058,1,4.029011425732737,1.0909090909090908,2.013
Z7058,2,3.751772345990801,1.0270587174167944,11.087
Z7059,1,3.750769230769231,1.0211538461538463,1.3
Z7102,1,3.5589467057181188,1.0367886568308105,36.533
Z7106,1,3.634977578475336,1.0089686098654709,22.3
Z7106,2,4.061463248895768,1.1762995960587412,26.488999999999994
Z7108,1,4.152032967032967,1.2807692307692307,18.2
Z7108,2,5.499999999999999,2.0,3.2300000000000004
Z7108,3,4.330271299381247,1.3733142947802635,25.211999999999996
Z7108,4,3.628468568263639,1.0,18.055000000000007
Z7201,1,4.2131437255753355,1.2814589665653493,11.515
Z7404,1,3.5606831667290315,1.0582936868551878,56.121
Z7405,1,5.560447058823529,2.0042016806722684,11.9
Z7405,2,5.5,2.0,15.081999999999999
Z7409,1,6.053472448646886,2.004890772742093,3.0669999999999997
Z7409,2,4.996955128205128,1.709775641025641,3.1200000000000006
Z7411,1,5.634368635437882,2.0076374745417516,1.964
Z7411,2,8.542441860465118,2.7005813953488373,18.575999999999997
Z7451,1,3.816985645933015,1.0287081339712918,2.09
Z7452,1,4.503071253071254,1.4442260442260444,20.35
Z7456,1,3.6252310388782663,1.0131453154875718,12.552
Z7456,2,3.5499011263004046,1.0,11.631000000000004
Z7457,1,3.7077549788774897,1.087507543753772,19.884
Z7460,1,6.474413169393353,2.034549334417234,9.841000000000001
Z7460,2,6.05106479383779,2.0,13.242
Z7461,1,3.836002824858758,1.0813559322033899,35.4
Z7463,1,3.7933211344922233,1.0036596523330283,10.93
Z7465,1,3.6,1.0,0.44799999999999995
Z7465,2,3.6070460380963754,1.0,16.747
Z7466,1,3.700314960629921,1.0,10.16
Z7488,1,4.068249920306025,1.2033790245457443,15.685
Z7489,1,3.703432061068702,1.0015267175572518,16.375
Z7489,2,3.868043087971274,1.0933572710951525,22.28
Z7501,1,5.562211981566819,2.0138248847926263,4.34
Z7502,1,4.357026865671641,1.4777114427860696,25.125
Z7503,1,4.21750053225463,1.258569299552906,23.485
Z7504,1,9.945668421052632,2.7130526315789476,9.5
Z7506,1,4.684581735085286,1.553301232351261,61.265
Z7551,1,3.7728952772073927,1.0346095250712062,15.097000000000001
Z7551,2,4.190806519013791,1.2726702883409953,2.392999999999997
Z7552,1,3.1063451776649744,1.0007931472081217,6.303999999999999
Z7552,2,3.431524851332502,1.019969165259526,13.621000000000002
Z7553,1,4.2384615384615385,1.2663736263736265,2.275
Z7553,2,3.6961357363208314,1.0,30.794999999999998
Z7602,1,7.224331500094823,2.2370567039635882,5.273
Z7602,2,5.597927234857393,2.0,29.767
Z7603,1,5.476120139888911,1.9242954124665705,24.305
Z7603,2,4.614742733345369,1.484600108322802,27.695
Z7604,1,5.5,2.0,8.012
Z7604,2,5.5,2.0,25.43
Z7604,3,5.500497627973328,2.0,30.143
Z7606,1,6.69123252858958,2.317662007623888,1.574
Z7606,2,4.62682802634259,1.5254260302803995,29.458
Z7607,1,5.421622718052739,1.9574036511156188,5.422999999999999
Z7609,1,5.5,2.0,10.605
Z7610,1,3.8926950000000007,1.1121249999999998,40.0
Z7613,1,4.163574257425743,1.5083168316831683,10.1
Z7615,1,3.7007641196013283,1.0003322259136214,30.1
Z7617,1,5.5,2.0,15.704
Z7617,2,5.5,2.0,3.6129999999999995
Z7617,3,5.499999999999999,2.0,7.968
Z7701,1,3.7259385138266645,1.0349915031670014,25.892
Z7702,1,4.027257663628832,1.1546534106600388,3.6210000000000004
Z7702,2,6.571853814384788,1.8291124444790772,12.833
Z7702,3,3.7842039018250473,1.0467799454583593,9.534000000000002
Z7702,4,4.05936432382634,1.2082453648612335,26.05099999999999
Z7703,1,4.486888590604027,1.4493959731543626,7.45
Z7704,1,5.542011457670274,2.0,1.571
Z7704,2,7.2945673148285595,2.0,13.474
Z7704,3,5.537339352342346,2.0,21.708999999999996
Z7704,4,7.3,2.0,2.3029999999999973
Z7704,5,7.345957829519326,2.012591186169679,10.006999999999998
Z7708,1,4.189877551020409,1.2286938775510208,24.5
Z7709,1,5.5278035217794255,2.0,1.079
Z7709,2,5.5,2.0,0.7270000000000001
Z7709,3,5.5,2.0,3.0540000000000003
Z7709,4,5.500000000000001,2.0,1.5099999999999998
Z7711,1,4.514078985298356,1.4346497549726147,17.345
Z7715,1,7.624853915075963,2.0401246591351767,2.5669999999999997
Z7717,1,5.409272467902996,1.9424631478839751,2.103
Z7717,2,3.8708817326156066,1.1498410299996853,31.767
Z7718,1,3.603116564417178,1.1337423312883435,8.15
Z7719,1,3.732451923076923,1.0120192307692306,2.08
Z7801,1,3.7623758477357256,1.1039597462262085,22.855
Z8002,1,5.353626773828959,1.8681401481853575,15.925999999999997
Z8002,2,5.9866099368652215,2.0,7.286000000000001
Z8003,1,4.499603782080144,1.4491670418730305,11.105
Z8004,1,4.376399474375822,1.3482260183968464,7.61
Z8004,2,4.0539934711643095,1.174102285092492,9.190000000000001
Z8004,3,5.876361149110804,2.009575923392612,3.6549999999999976
Z8005,1,5.885052967638949,1.9052387171673195,13.782
Z8009,1,4.527634209023415,1.4134423186750424,14.008
Z8011,1,5.493431085043989,1.9924633431085041,34.1
Z8012,1,5.547151816043899,1.9996407107394825,15.308
Z8012,2,3.9792172739541143,1.155120707752286,13.338000000000001
Z8021,1,5.822426404995539,2.016176033303598,16.815
Z8023,1,5.517575757575758,1.9363636363636363,6.6
Z8031,1,5.574676302318578,2.009635651912075,6.642
Z8031,2,3.7,1.0,0.9079999999999995
Z8031,3,3.6999999999999997,1.0,2.357
Z8031,4,5.4629580456718,1.9794211364843333,15.064
Z8031,5,5.5,2.0,21.270999999999997
Z8033,1,5.513117017604419,2.0027614773904037,14.485
Z8033,2,5.5,2.0,1.3500000000000014
Z8033,3,5.5,2.0,2.254999999999999
Z8033,4,5.484571428571429,1.9948571428571427,8.75
Z8033,5,3.8711953400607104,1.0959471654770696,12.189000000000004
Z8033,6,4.295479999999994,1.2557999999999971,2.499999999999993
Z8033,7,5.5,2.0,0.9399999999999977
Z8033,8,5.28638804237411,1.8839065447685381,6.891000000000005
Z8034,1,5.6090375236388965,1.946252612720215,10.047
Z8034,3,5.730512353100879,1.9777372687429702,25.782999999999998
Z8037,1,4.403213239974538,1.270019096117123,15.71
Z8037,2,3.924753144654088,1.1440251572327043,12.719999999999999
Z8038,1,3.661526232114468,1.0,3.7739999999999996
Z8038,2,3.6740987983978637,1.0,2.996
Z8044,1,3.66,1.0,2.095
Z8044,2,3.767413995636852,1.0639369021647929,29.795
Z8048,1,3.66,1.0,2.78
Z8052,1,3.7090759075907593,1.0027502750275028,3.636
Z8052,2,3.804043661622426,1.0578020342346812,4.031000000000001
Z8052,3,3.9251748251748255,1.1250971250971253,7.722
Z8052,4,4.639607695209355,1.5127310448887215,10.604000000000001
Z8052,5,7.567587939698485,2.089195979899495,0.7959999999999994
Z8053,1,3.462686403508772,1.0,9.12
Z8054,1,3.7306311696081362,1.051051949346894,10.029
Z8056,1,3.9071652391894713,1.0031857113014413,9.574
Z8056,2,3.7811824900511652,1.0,15.831000000000001
Z8058,1,3.801560265245092,1.0006501105187882,15.382
Z8058,2,3.8,1.0,1.0310000000000006
Z8062,1,3.7041600000000003,1.0016,3.75
Z8062,2,3.7,1.0,4.33
Z8065,1,3.715667808219178,1.0025684931506849,17.52
Z8065,2,5.04974926064035,1.6915262954866912,7.7769999999999975
Z8067,1,3.75179856115108,1.0287769784172662,6.95
Z8121,1,5.42,1.4999999999999998,2.215
Z8121,2,5.063041803395634,1.5087887002425449,35.045
Z8201,1,4.363052208835342,1.3815261044176708,7.469999999999999
Z8203,1,5.524926759856031,1.7970201724282246,23.894000000000002
Z8204,1,3.6447257997507267,1.0,9.628
Z8205,1,3.6329556650246304,1.0,8.12
Z8205,2,3.639283018867925,1.0,5.300000000000001
Z8206,1,3.65439121756487,1.0039920159680638,2.505
Z8206,2,3.639759036144578,1.0,7.469999999999999
Z8206,3,3.63,1.0,2.1899999999999995
Z8207,1,5.6095098039215685,2.0,6.12
Z8208,1,7.619041666666667,2.0,6.0
Z8401,1,5.186427406199022,1.8150081566068519,12.26
Z8402,1,5.350058927519152,1.9148988410921235,10.182
Z8402,2,4.4070704133192775,1.3928168962884875,27.509
Z8404,1,5.405537720706261,1.734349919743178,12.46
Z8408,1,5.536624203821656,2.0063694267515926,3.14
Z8408,2,5.499999999999999,2.0,10.309000000000001
Z8412,1,5.412786108918707,1.9127861089187055,12.67
Z8414,1,5.072614107883818,1.5518672199170125,2.41
Z8416,1,3.6866153846153846,1.1711538461538462,6.5
Z8419,1,4.533008695652174,1.4627826086956521,23.0
Z8420,1,4.012295081967213,1.4262295081967213,6.1
Z8429,1,7.0,2.0,1.75
Z8504,1,5.509625668449199,1.9090909090909092,1.87
Z8601,1,5.5,2.0,4.9319999999999995
Z8601,2,5.500000000000001,2.0,11.08
Z8602,1,3.904287245444801,1.0081457663451232,4.665
Z8602,2,3.7110701107011073,1.0,1.3549999999999995
Z8602,3,3.7971590909090907,1.0,5.280000000000001
Z8604,1,4.718789346246974,1.5311810599946194,18.585
Z8605,1,4.77356385945343,1.5872838817624093,3.5860000000000003
Z8606,1,3.8,1.0,0.9
Z8699,1,3.8840692124105014,1.1193317422434368,8.38
Z8701,1,4.592787524366472,1.488673791759091,14.877
Z8701,2,4.231326048205843,1.2698209718670073,12.903
Z8701,3,3.7712256370552404,1.0277544013195543,29.706999999999994
Z8702,1,5.714791666666667,2.0041666666666664,4.8
Z8702,2,5.51039603960396,2.0,4.04
Z8702,3,5.5,2.0,3.6259999999999994
Z8702,4,5.6,2.0,2.1820000000000004
Z8703,1,3.66,1.0,11.065
Z8704,1,3.7461463414634144,1.0,10.25
Z8704,2,3.7,1.0,8.315999999999999
Z8705,1,5.531289111389237,1.9687108886107636,3.196
Z8705,2,5.5,2.0,4.308999999999999
Z8705,3,5.5,2.0,2.495
Z8705,4,5.500000000000001,2.0,1.8849999999999998
Z8708,1,3.793835616438356,1.034246575342466,5.84
Z8708,2,3.7,1.0,5.8100000000000005
Z8708,3,3.788079658605975,1.048933143669986,7.029999999999999
Z8708,4,3.783341088878549,1.0463006049325272,4.298000000000002
Z8708,5,3.7897210167389956,1.0498450092994418,8.065000000000001
Z8708,6,3.705330845605384,1.002665422802692,15.006999999999994
Z8708,7,4.551332895600787,1.3988181221273794,15.230000000000004
Z8708,8,3.772749521988527,1.0382026768642445,13.075000000000003
Z8709,1,4.061431870669746,1.0346420323325634,3.464
Z8713,1,3.470819165378671,1.0,6.47
Z8713,2,3.66,1.0,9.47
Z8716,1,4.233682743239475,1.2317814329523278,17.935
Z8717,1,3.604816865417376,1.0,11.74
Z8803,1,5.3228169014084505,1.8957746478873236,19.525
Z8804,1,5.529551642766382,2.0037514370424154,16.527
Z8806,1,3.5,1.0,2.858
Z8806,2,5.570364500792393,1.9001584786053882,21.453999999999997
Z8806,3,5.8,2.0,4.344000000000001
Z8806,4,4.6348088217459855,1.4971674087420523,57.72100000000001
Z8810,1,4.0,1.5,4.309
Z8810,2,4.0,1.5,22.362999999999996
Z8810,3,4.0,1.5,15.771000000000008
Z8810,4,4.160381861575179,1.5445505171042166,12.57
Z8814,1,4.582142131979696,1.494517766497462,9.85
Z8814,2,3.784453057708872,1.0092592592592593,11.610000000000001
Z8814,3,3.797672942669769,1.0542627459276495,9.454
Z8905,1,5.078030769230769,1.7584615384615385,13.0
Z8905,2,4.279272727272725,1.3218181818181807,0.5500000000000007
Z8909,1,5.504770065695515,2.0,7.002000000000001
Z8913,1,3.764211920529801,1.0356732891832225,11.325
Z8913,2,4.161914343202071,1.2756539235412476,17.395
Z8915,1,4.051724137931035,1.1954022988505746,4.35
Z8915,2,5.5,2.0,6.120000000000001
Z8915,3,4.870905587668593,1.6782273603082851,5.1899999999999995
Z8916,1,3.7163912929451874,1.006556517178075,7.626
Z8916,2,3.7,1.0,3.964999999999999
Z8943,1,4.328575860999069,1.3492088116661496,6.446000000000001
Z8943,2,3.7000000000000006,1.0,2.354
